EmployeeID,Gender,Age,Dept,JobTitle,Tenure,YearsInCurrentRole,YearsSinceLastPromotion,Education,Location,Salary,LastRating,ManagerID,Attrition,PerformanceText,CompaRatio,HireSource,HireDate,InterviewScore,InterviewScore_Technical,InterviewScore_Cultural,InterviewScore_Curiosity,AssessmentScore,PriorExperienceYears,JobLevel,PromotionCount,LastPromotionDate,ManagerChangeCount,Age_Group,InterviewScore_Communication,InterviewScore_Leadership
EMP0001,Male,26,Sales,Senior AE,6.7,3.7,6.6,Bachelor,New York,99281,2.5,MGR029,0,Performance needs improvement in several areas. Technical skills require development. Recommended for coaching and training. Strong in negotiation.,0.94,LinkedIn,2017-04-22,2.9,3.1,2.9,4.1,61.0,0.0,4,2,2017-05-28,1,20-29,2.4,2.6
EMP0002,Female,48,Customer Success,Director of CS,7.3,0.7,4.1,Master,London,113295,3.5,MGR004,0,Solid performer meeting expectations. Good technical foundation with room for growth. Reliable and consistent in delivery. Strong in account management.,1.13,LinkedIn,2016-09-15,3.5,4.9,3.2,3.6,70.0,9.8,6,3,2019-11-27,3,40-49,4.8,3.6
EMP0003,Female,40,HR,HR Manager,4.2,1.7,1.4,Bachelor,Remote,111468,2.6,MGR017,0,Inconsistent performance requiring attention. Quality of work needs enhancement. Would benefit from clearer goal setting. Strong in talent acquisition.,1.02,Internal,2019-10-21,2.6,4.2,4.6,2.9,49.0,6.4,6,3,2022-08-09,2,40-49,3.9,4.6
EMP0004,Female,30,Finance,Financial Analyst,0.1,0.1,0.0,Bachelor,San Francisco,67608,3.5,MGR032,1,Consistent contributor who meets job requirements. Technical skills are adequate. Shows potential for development. Strong in audit preparation. Adapting well to new role.,1.06,LinkedIn,2023-11-26,3.8,3.8,3.0,4.4,72.0,4.5,2,0,,1,30-39,3.0,4.2
EMP0005,Male,31,Engineering,Staff Engineer,4.2,0.8,4.0,PhD,New York,134070,2.9,MGR024,1,Performance needs improvement in several areas. Technical skills require development. Recommended for coaching and training. Strong in code review.,0.92,Referral,2019-10-21,3.2,2.5,2.5,4.1,64.0,4.0,4,2,2020-01-02,2,30-39,2.4,4.4
EMP0006,Male,22,Engineering,Junior Engineer,0.7,0.1,0.0,Master,San Francisco,85476,3.6,MGR041,1,Meets expectations with occasional exceeding. Shows good collaboration with team. Technical skills are developing well. Strong in Python. Adapting well to new role.,0.98,Agency,2023-04-21,3.2,2.5,3.7,2.5,64.0,0.5,1,1,,1,20-29,4.4,4.0
EMP0007,Female,44,Engineering,Engineer,1.1,1.1,1.1,Master,Singapore,113588,3.9,MGR033,1,Consistent contributor who meets job requirements. Technical skills are adequate. Shows potential for development. Strong in Python.,0.98,Website,2022-11-26,4.1,2.2,4.8,4.7,80.0,16.1,4,1,2022-11-26,1,40-49,3.9,4.1
EMP0008,Male,27,Product,Associate PM,0.3,0.3,0.0,PhD,San Francisco,86205,3.8,MGR024,0,Reliable employee with satisfactory performance. Good attention to detail. Positive attitude toward learning. Strong in user research. Adapting well to new role.,1.13,JobBoard,2023-09-14,4.0,4.6,4.1,4.5,78.0,3.2,1,1,,0,20-29,3.6,4.5
EMP0009,Male,51,Finance,Finance Manager,3.5,1.4,1.9,Master,San Francisco,100558,3.9,MGR002,0,Consistent contributor who meets job requirements. Technical skills are adequate. Shows potential for development. Strong in audit preparation.,1.09,Agency,2020-07-03,4.2,3.8,3.7,4.8,82.0,15.2,5,1,2022-02-07,1,50-59,4.7,2.7
EMP0010,Female,50,HR,HR Coordinator,0.1,0.1,0.0,Bachelor,Remote,53642,4.5,MGR022,0,Outstanding contributor with excellent problem-solving abilities. Shows initiative and drives innovation. Strong communication skills and mentorship qualities. Strong in training. Adapting well to new role.,1.15,Referral,2023-11-26,4.4,4.1,2.3,4.2,87.0,19.7,2,0,,0,50-59,4.4,3.5
EMP0011,Male,40,Engineering,Junior Engineer,0.8,0.1,0.0,Bachelor,New York,95085,2.0,MGR048,0,Below expectations in key areas. Communication could be more effective. Close monitoring advised. Strong in JavaScript. Adapting well to new role.,0.83,Agency,2023-03-15,2.5,2.1,3.8,3.8,60.0,11.6,1,0,,1,40-49,2.5,2.7
EMP0012,Male,46,Customer Success,Senior CS Manager,6.5,2.4,1.1,Bachelor,Remote,104589,3.3,MGR005,0,Meets expectations with occasional exceeding. Shows good collaboration with team. Technical skills are developing well. Strong in renewal negotiation.,1.12,Campus,2017-07-04,3.2,4.9,5.0,3.3,69.0,11.7,4,2,2022-11-26,2,40-49,2.9,5.0
EMP0013,Male,42,Operations,Director of Operations,0.11,0.11,4.9,Master,San Francisco,133882,4.8,MGR009,0,Star performer with outstanding technical and interpersonal skills. Proactive in identifying improvements. Key contributor to team success. Strong in process optimization. Valuable institutional knowledge.,1.2,Referral,2025-12-02,4.8,4.5,2.4,4.8,96.0,0.0,6,0,2019-02-08,5,40-49,2.7,4.8
EMP0014,Female,30,Engineering,Engineer,1.7,0.7,0.3,Bachelor,San Francisco,99239,3.8,MGR039,0,Reliable employee with satisfactory performance. Good attention to detail. Positive attitude toward learning. Strong in DevOps.,1.0,LinkedIn,2022-04-21,4.0,2.6,3.6,4.6,70.0,3.9,2,0,2023-09-14,1,30-39,4.2,2.1
EMP0015,Male,54,Engineering,Senior Engineer,2.1,2.1,2.1,Master,San Francisco,131721,4.4,MGR028,0,Exemplary employee showing mastery in their domain. Strong analytical thinking and strategic planning. Excellent at cross-functional collaboration. Leadership potential evident. Strong in cloud architecture.,1.04,Internal,2021-11-26,3.6,2.5,4.6,2.1,67.0,18.9,4,1,2021-11-26,1,50-59,2.1,4.1
EMP0016,Female,39,Engineering,Senior Engineer,5.0,0.5,1.3,Bachelor,New York,114602,3.3,MGR041,0,Solid performer meeting expectations. Good technical foundation with room for growth. Reliable and consistent in delivery. Strong in JavaScript.,0.96,JobBoard,2019-01-02,2.8,2.6,4.2,2.1,52.0,6.2,4,2,2022-09-14,2,30-39,3.7,4.8
EMP0017,Female,27,Sales,Senior AE,5.3,1.1,0.7,Master,San Francisco,105676,4.4,MGR028,0,Outstanding contributor with excellent problem-solving abilities. Shows initiative and drives innovation. Strong communication skills and mentorship qualities. Strong in pipeline management.,1.07,JobBoard,2018-09-15,4.0,2.9,4.1,3.1,80.0,0.0,4,2,2023-04-21,2,20-29,4.3,2.5
EMP0018,Female,39,Marketing,Senior Marketing Manager,4.8,0.7,4.8,Bachelor,New York,115171,3.2,MGR018,0,Consistent contributor who meets job requirements. Technical skills are adequate. Shows potential for development. Strong in digital marketing.,1.02,JobBoard,2019-03-16,3.6,3.6,4.1,4.4,77.0,7.0,5,3,2019-03-16,2,30-39,4.6,3.7
EMP0019,Non-Binary,30,Sales,Account Executive,0.36,0.36,1.2,Bachelor,London,81950,2.4,MGR045,1,Below expectations in key areas. Communication could be more effective. Close monitoring advised. Strong in negotiation.,0.94,LinkedIn,2025-08-31,3.2,3.3,3.1,5.0,62.0,3.9,2,0,2022-10-20,0,30-39,3.0,4.7
EMP0020,Male,32,Sales,Sales Rep,0.7,0.2,0.0,Bachelor,San Francisco,74134,4.3,MGR039,0,Star performer with outstanding technical and interpersonal skills. Proactive in identifying improvements. Key contributor to team success. Strong in pipeline management. Adapting well to new role.,1.06,LinkedIn,2023-04-21,3.7,2.9,2.9,2.5,79.0,5.9,3,1,,0,30-39,4.5,2.1
EMP0021,Male,22,Finance,Financial Analyst,0.5,0.5,0.0,Bachelor,Remote,81437,3.1,MGR043,1,Solid performer meeting expectations. Good technical foundation with room for growth. Reliable and consistent in delivery. Strong in financial modeling. Adapting well to new role.,1.03,Internal,2023-07-03,3.3,3.8,4.4,3.8,60.0,0.0,4,2,,0,20-29,2.3,4.1
EMP0022,Female,45,Engineering,Engineer,1.7,1.7,1.2,Bachelor,Remote,103239,4.0,MGR035,0,Exemplary employee showing mastery in their domain. Strong analytical thinking and strategic planning. Excellent at cross-functional collaboration. Leadership potential evident. Strong in code review.,1.0,Internal,2022-04-21,3.7,2.4,4.4,3.1,80.0,15.5,3,1,2022-10-20,1,40-49,4.5,2.9
EMP0023,Female,37,Sales,Account Executive,2.7,2.7,2.7,Bachelor,Remote,84782,2.4,MGR032,0,Performance needs improvement in several areas. Technical skills require development. Recommended for coaching and training. Strong in CRM expertise.,0.91,Internal,2021-04-21,3.1,2.9,4.6,4.9,62.0,9.4,2,2,2021-04-21,1,30-39,2.4,4.8
EMP0024,Female,33,Sales,Sales Rep,0.8,0.6,0.0,High School,Singapore,70158,2.7,MGR037,0,Performance needs improvement in several areas. Technical skills require development. Recommended for coaching and training. Strong in closing deals. Adapting well to new role.,0.95,Website,2023-03-15,3.2,3.1,4.7,4.5,60.0,8.7,2,0,,1,30-39,3.2,4.9
EMP0025,Female,36,Sales,Account Executive,2.9,1.1,2.9,Associate,San Francisco,97107,3.3,MGR037,0,Solid performer meeting expectations. Good technical foundation with room for growth. Reliable and consistent in delivery. Strong in closing deals.,1.01,LinkedIn,2021-02-07,3.6,3.4,3.5,4.5,71.0,8.0,4,2,2021-02-07,2,30-39,4.4,4.8
EMP0026,Male,35,Operations,Operations Specialist,1.7,1.4,1.7,Bachelor,Remote,82428,2.1,MGR024,0,Performance gap identified in multiple areas. Needs to improve engagement and initiative. Technical training recommended. Strong in quality assurance.,0.99,LinkedIn,2022-04-21,2.4,4.4,3.5,3.4,50.0,6.7,3,1,2022-04-21,1,30-39,2.4,3.4
EMP0027,Female,33,Engineering,Staff Engineer,0.13,0.13,1.0,Associate,New York,158457,3.2,MGR042,0,Reliable employee with satisfactory performance. Good attention to detail. Positive attitude toward learning. Strong in DevOps.,0.95,JobBoard,2025-11-22,3.2,2.6,4.4,3.2,62.0,2.0,5,0,2023-01-01,2,30-39,2.7,4.6
EMP0028,Male,34,Marketing,Marketing Manager,3.1,0.8,3.1,Bachelor,London,113640,2.9,MGR019,1,Performance needs improvement in several areas. Technical skills require development. Recommended for coaching and training. Strong in digital marketing.,1.0,Agency,2020-11-26,2.8,3.5,3.9,2.8,57.0,5.1,6,3,2020-11-26,1,30-39,4.2,4.5
EMP0029,Male,26,Finance,Financial Analyst,0.3,0.3,0.0,Bachelor,San Francisco,71127,4.4,MGR044,1,Outstanding contributor with excellent problem-solving abilities. Shows initiative and drives innovation. Strong communication skills and mentorship qualities. Strong in forecasting. Adapting well to new role.,1.12,JobBoard,2023-09-14,3.6,3.8,4.1,2.2,76.0,1.5,2,0,,1,20-29,4.2,3.0
EMP0030,Female,35,Engineering,Senior Engineer,0.34,0.34,0.8,Bachelor,London,127959,3.6,MGR043,0,Consistent contributor who meets job requirements. Technical skills are adequate. Shows potential for development. Strong in API development.,0.95,JobBoard,2025-09-09,3.9,2.1,4.4,4.6,77.0,8.2,4,0,2023-03-15,0,30-39,3.9,4.5
EMP0031,Male,58,Finance,Senior Analyst,1.6,0.6,1.6,Associate,Singapore,90714,3.1,MGR032,0,Reliable employee with satisfactory performance. Good attention to detail. Positive attitude toward learning. Strong in financial modeling.,1.03,Website,2022-05-27,3.5,3.8,4.7,4.4,67.0,21.8,5,1,2022-05-27,0,50-59,4.1,2.1
EMP0032,Male,44,Engineering,Engineering Manager,7.1,0.9,0.1,Bachelor,San Francisco,175709,2.9,MGR012,0,Below expectations in key areas. Communication could be more effective. Close monitoring advised. Strong in cloud architecture.,0.93,LinkedIn,2016-11-27,3.5,2.5,3.0,5.0,72.0,9.9,5,3,2023-11-26,2,40-49,3.6,3.8
EMP0033,Male,27,Engineering,Senior Engineer,2.2,1.5,2.2,Bachelor,London,113853,2.8,MGR028,1,Below expectations in key areas. Communication could be more effective. Close monitoring advised. Strong in DevOps.,0.9,LinkedIn,2021-10-20,3.5,2.2,3.1,5.0,73.0,1.1,4,1,2021-10-20,1,20-29,2.8,2.7
EMP0034,Female,50,Customer Success,CS Specialist,1.4,1.4,1.0,Bachelor,London,62399,2.2,MGR049,0,Performance gap identified in multiple areas. Needs to improve engagement and initiative. Technical training recommended. Strong in account management.,1.03,Referral,2022-08-09,2.6,4.8,2.3,3.7,53.0,18.7,3,2,2023-01-01,0,50-59,3.0,2.4
EMP0035,Male,26,Customer Success,Director of CS,7.9,4.5,2.1,Bachelor,London,110438,3.4,MGR002,0,Solid performer meeting expectations. Good technical foundation with room for growth. Reliable and consistent in delivery. Strong in onboarding.,1.12,Agency,2016-02-09,3.6,4.9,3.7,4.3,70.0,0.0,6,4,2021-11-26,2,20-29,2.5,2.2
EMP0036,Female,39,Operations,Operations Manager,2.8,2.8,2.8,Master,San Francisco,86135,2.6,MGR014,0,Inconsistent performance requiring attention. Quality of work needs enhancement. Would benefit from clearer goal setting. Strong in supply chain.,1.03,Referral,2021-03-16,3.3,4.4,2.1,4.8,61.0,10.7,6,2,2021-03-16,1,30-39,4.7,4.1
EMP0037,Male,41,Sales,Sales Rep,0.6,0.6,0.0,Associate,London,57907,2.6,MGR036,0,Performance needs improvement in several areas. Technical skills require development. Recommended for coaching and training. Strong in closing deals. Adapting well to new role.,0.93,LinkedIn,2023-05-27,3.2,2.9,3.4,4.5,61.0,13.2,3,0,,1,40-49,3.8,3.0
EMP0038,Male,42,Engineering,Junior Engineer,0.4,0.2,0.0,Master,London,89412,3.5,MGR040,0,Reliable employee with satisfactory performance. Good attention to detail. Positive attitude toward learning. Strong in code review. Adapting well to new role.,0.96,LinkedIn,2023-08-08,3.2,2.3,3.6,2.7,68.0,14.1,2,0,,0,40-49,3.2,4.2
EMP0039,Male,36,HR,HR Coordinator,0.7,0.7,0.0,Bachelor,Singapore,62115,3.3,MGR049,1,Reliable employee with satisfactory performance. Good attention to detail. Positive attitude toward learning. Strong in talent acquisition. Adapting well to new role.,1.06,LinkedIn,2023-04-21,3.3,4.1,2.9,3.4,62.0,7.4,1,0,,0,30-39,3.4,2.2
EMP0040,Male,30,Sales,Sales Manager,6.1,0.9,5.2,Bachelor,New York,133809,3.0,MGR014,0,Meets expectations with occasional exceeding. Shows good collaboration with team. Technical skills are developing well. Strong in CRM expertise.,0.99,Agency,2017-11-27,2.7,3.3,3.8,2.4,58.0,0.0,6,3,2018-10-21,1,30-39,4.8,2.9
EMP0041,Male,37,Engineering,Engineer,2.7,1.0,2.0,Bachelor,London,113845,3.3,MGR025,1,Solid performer meeting expectations. Good technical foundation with room for growth. Reliable and consistent in delivery. Strong in DevOps.,0.95,Referral,2021-04-21,3.8,2.4,2.1,4.9,78.0,6.4,4,2,2022-01-01,1,30-39,2.5,3.6
EMP0042,Female,42,Marketing,Marketing Specialist,1.4,1.4,1.4,Bachelor,London,81643,4.2,MGR048,0,Outstanding contributor with excellent problem-solving abilities. Shows initiative and drives innovation. Strong communication skills and mentorship qualities. Strong in analytics.,1.09,Referral,2022-08-09,4.0,3.5,2.1,3.8,72.0,13.5,2,1,2022-08-09,0,40-49,3.8,4.4
EMP0043,Female,43,Engineering,Junior Engineer,0.24,0.24,0.0,Master,Singapore,75887,2.8,MGR024,0,Performance needs improvement in several areas. Technical skills require development. Recommended for coaching and training. Strong in JavaScript. Adapting well to new role.,0.89,Internal,2025-10-14,2.7,2.1,4.5,2.7,59.0,14.6,2,0,,0,40-49,3.5,3.0
EMP0044,Male,25,Product,Product Manager,2.3,2.3,2.0,High School,Singapore,106409,2.2,MGR010,1,Performance needs improvement in several areas. Technical skills require development. Recommended for coaching and training. Strong in feature prioritization.,1.02,LinkedIn,2021-09-14,2.7,4.7,3.1,4.0,54.0,0.5,5,1,2022-01-01,1,20-29,3.8,3.9
EMP0045,Male,23,Engineering,Engineer,1.9,0.3,0.3,Master,London,100357,3.7,MGR031,0,Meets expectations with occasional exceeding. Shows good collaboration with team. Technical skills are developing well. Strong in cloud architecture.,1.0,Referral,2022-02-07,3.7,2.8,2.4,3.9,80.0,0.0,4,2,2023-09-14,0,20-29,2.1,4.7
EMP0046,Female,25,HR,HR Business Partner,2.9,2.9,1.2,Master,Remote,84221,2.8,MGR020,0,Performance needs improvement in several areas. Technical skills require development. Recommended for coaching and training. Strong in talent acquisition.,1.02,LinkedIn,2021-02-07,2.8,4.0,3.6,3.1,59.0,0.0,3,2,2022-10-20,0,20-29,4.6,3.8
EMP0047,Male,35,Sales,Senior AE,3.1,3.1,2.3,Bachelor,New York,112953,3.0,MGR025,0,Solid performer meeting expectations. Good technical foundation with room for growth. Reliable and consistent in delivery. Strong in client relations.,0.96,JobBoard,2020-11-26,2.7,2.9,4.3,2.3,63.0,6.9,5,1,2021-09-14,1,30-39,4.8,2.7
EMP0048,Male,25,Marketing,Marketing Specialist,0.04,0.04,1.5,Bachelor,Singapore,79034,2.9,MGR025,0,Below expectations in key areas. Communication could be more effective. Close monitoring advised. Strong in campaign management.,1.0,Referral,2025-12-25,3.2,3.6,2.6,4.0,66.0,0.0,4,0,2022-07-03,0,20-29,3.7,2.1
EMP0049,Male,27,Marketing,Marketing Coordinator,0.9,0.9,0.0,PhD,London,74047,3.8,MGR027,0,Meets expectations with occasional exceeding. Shows good collaboration with team. Technical skills are developing well. Strong in content strategy. Adapting well to new role.,1.07,Agency,2023-02-07,3.7,3.6,3.9,3.6,66.0,0.9,1,1,,0,20-29,4.1,4.6
EMP0050,Female,36,Engineering,Engineer,2.4,2.4,1.1,Master,New York,123718,2.7,MGR038,0,Performance gap identified in multiple areas. Needs to improve engagement and initiative. Technical training recommended. Strong in JavaScript.,0.91,Referral,2021-08-08,3.2,2.6,2.3,4.3,67.0,5.4,4,1,2022-11-26,1,30-39,4.8,2.1
EMP0051,Male,48,Customer Success,CS Specialist,2.0,0.8,0.2,Bachelor,London,48725,2.5,MGR021,0,Inconsistent performance requiring attention. Quality of work needs enhancement. Would benefit from clearer goal setting. Strong in renewal negotiation.,1.06,Referral,2022-01-01,2.8,4.9,2.2,3.6,66.0,18.0,2,1,2023-10-20,1,40-49,4.1,4.6
EMP0052,Male,44,Operations,Operations Specialist,0.13,0.13,0.1,Master,New York,63964,2.6,MGR048,0,Performance gap identified in multiple areas. Needs to improve engagement and initiative. Technical training recommended. Strong in quality assurance.,1.03,LinkedIn,2025-11-24,3.2,4.3,3.6,4.6,67.0,14.6,2,0,2023-11-26,1,40-49,2.5,3.6
EMP0053,Female,22,Customer Success,CS Specialist,2.9,0.6,2.9,Master,London,77315,2.9,MGR040,0,Below expectations in key areas. Communication could be more effective. Close monitoring advised. Strong in renewal negotiation.,1.08,LinkedIn,2021-02-07,3.1,4.8,3.6,3.7,69.0,0.0,4,1,2021-02-07,1,20-29,3.7,4.8
EMP0054,Male,46,Product,Product Manager,1.8,1.8,1.8,Master,New York,122538,3.8,MGR005,0,Meets expectations with occasional exceeding. Shows good collaboration with team. Technical skills are developing well. Strong in feature prioritization.,1.14,Agency,2022-03-15,3.7,4.7,3.9,3.7,79.0,14.2,5,2,2022-03-15,0,40-49,3.8,4.4
EMP0055,Female,22,Finance,Senior Analyst,1.7,1.1,1.7,Master,San Francisco,85561,3.2,MGR043,0,Reliable employee with satisfactory performance. Good attention to detail. Positive attitude toward learning. Strong in budgeting.,1.03,JobBoard,2022-04-21,3.6,3.8,4.2,4.6,67.0,0.0,5,2,2022-04-21,1,20-29,3.3,5.0
EMP0056,Female,34,Customer Success,CS Representative,0.4,0.4,0.0,Bachelor,Remote,71802,1.1,MGR044,0,Below expectations in key areas. Communication could be more effective. Close monitoring advised. Strong in customer retention. Adapting well to new role.,0.94,Campus,2023-08-08,1.7,4.8,4.9,3.2,40.0,9.1,2,1,,0,30-39,4.2,3.1
EMP0057,Non-Binary,28,Engineering,Senior Engineer,6.3,2.3,4.3,Bachelor,London,128254,4.3,MGR021,0,Exceptional performer who consistently exceeds expectations. Demonstrates strong leadership and technical skills. Highly collaborative team player. Strong in API development.,1.02,LinkedIn,2017-09-15,3.6,2.3,3.5,2.4,73.0,0.0,4,3,2019-09-15,1,20-29,4.8,4.3
EMP0058,Female,36,Engineering,Senior Engineer,2.8,0.3,0.8,Bachelor,Remote,131138,2.5,MGR040,0,Performance needs improvement in several areas. Technical skills require development. Recommended for coaching and training. Strong in JavaScript.,0.9,LinkedIn,2021-03-16,2.3,2.6,3.0,2.1,51.0,5.7,4,1,2023-03-15,1,30-39,4.8,3.2
EMP0059,Male,22,Engineering,Engineer,2.6,0.2,2.6,Master,New York,96963,3.7,MGR027,0,Reliable employee with satisfactory performance. Good attention to detail. Positive attitude toward learning. Strong in API development.,0.96,JobBoard,2021-05-27,3.8,2.1,4.4,4.3,80.0,0.0,3,2,2021-05-27,0,20-29,3.4,3.4
EMP0060,Male,33,Sales,Account Executive,2.9,1.3,0.8,Master,London,79944,3.2,MGR036,0,Meets expectations with occasional exceeding. Shows good collaboration with team. Technical skills are developing well. Strong in closing deals.,0.98,LinkedIn,2021-02-07,3.4,3.0,2.8,3.9,75.0,3.2,3,2,2023-03-15,1,30-39,2.3,3.9
EMP0061,Female,60,Sales,Account Executive,1.4,1.4,1.4,Associate,New York,83966,2.0,MGR024,0,Performance needs improvement in several areas. Technical skills require development. Recommended for coaching and training. Strong in CRM expertise.,0.9,LinkedIn,2022-08-09,2.6,3.2,3.3,4.1,54.0,25.8,3,0,2022-08-09,1,60+,5.0,4.6
EMP0062,Female,30,Engineering,Junior Engineer,0.1,0.1,0.0,Bachelor,New York,88945,3.7,MGR035,1,Meets expectations with occasional exceeding. Shows good collaboration with team. Technical skills are developing well. Strong in code review. Adapting well to new role.,1.01,Referral,2023-11-26,3.3,2.8,2.2,2.6,63.0,6.6,2,0,,1,30-39,4.5,5.0
EMP0063,Female,38,Operations,Operations Manager,5.7,4.7,2.6,Master,London,91205,3.4,MGR016,1,Meets expectations with occasional exceeding. Shows good collaboration with team. Technical skills are developing well. Strong in quality assurance.,1.1,Referral,2018-04-22,3.0,4.5,2.1,2.4,67.0,4.6,5,3,2021-05-27,2,30-39,2.4,4.3
EMP0064,Male,31,Sales,Regional Director,9.1,0.3,3.3,Master,London,142657,3.3,MGR018,0,Solid performer meeting expectations. Good technical foundation with room for growth. Reliable and consistent in delivery. Strong in closing deals. Valuable institutional knowledge.,0.99,Campus,2014-11-28,2.8,3.1,4.9,2.0,56.0,0.0,7,4,2020-09-14,3,30-39,4.8,3.3
EMP0065,Female,48,Sales,Account Executive,0.34,0.34,3.0,Bachelor,San Francisco,68480,3.0,MGR036,0,Consistent contributor who meets job requirements. Technical skills are adequate. Shows potential for development. Strong in negotiation.,0.96,Internal,2025-09-09,3.0,2.8,4.5,3.1,67.0,12.9,3,0,2021-01-01,2,40-49,4.6,3.3
EMP0066,Female,36,Marketing,Marketing Specialist,2.7,1.9,0.7,Bachelor,Singapore,86710,3.2,MGR039,0,Solid performer meeting expectations. Good technical foundation with room for growth. Reliable and consistent in delivery. Strong in analytics.,1.02,JobBoard,2021-04-21,3.3,3.6,4.1,3.8,66.0,9.0,2,2,2023-04-21,0,30-39,3.6,4.2
EMP0067,Male,34,Engineering,Engineer,3.0,1.1,3.0,Bachelor,San Francisco,103558,2.9,MGR049,0,Performance needs improvement in several areas. Technical skills require development. Recommended for coaching and training. Strong in cloud architecture.,0.92,LinkedIn,2021-01-01,2.9,2.4,3.2,3.2,64.0,4.6,4,1,2021-01-01,1,30-39,3.8,2.7
EMP0068,Female,32,Operations,Operations Manager,6.7,6.7,1.4,Bachelor,London,102149,2.6,MGR005,0,Below expectations in key areas. Communication could be more effective. Close monitoring advised. Strong in logistics.,1.03,Referral,2017-04-22,2.8,4.4,2.5,3.3,53.0,1.4,6,3,2022-08-09,2,30-39,3.2,2.3
EMP0069,Female,33,Engineering,Staff Engineer,7.4,2.7,0.2,Master,San Francisco,142990,3.0,MGR033,0,Meets expectations with occasional exceeding. Shows good collaboration with team. Technical skills are developing well. Strong in Python.,0.91,Referral,2016-08-09,3.5,2.2,2.5,4.7,72.0,0.8,4,2,2023-10-20,2,30-39,2.2,3.1
EMP0070,Male,40,Customer Success,CS Representative,0.9,0.9,0.0,Bachelor,New York,52832,2.9,MGR036,0,Performance gap identified in multiple areas. Needs to improve engagement and initiative. Technical training recommended. Strong in renewal negotiation. Adapting well to new role.,1.09,LinkedIn,2023-02-07,2.9,5.0,2.8,3.0,60.0,11.2,4,1,,0,40-49,3.0,2.9
EMP0071,Male,60,Operations,Operations Specialist,2.6,0.3,2.6,Bachelor,London,74956,2.6,MGR028,0,Inconsistent performance requiring attention. Quality of work needs enhancement. Would benefit from clearer goal setting. Strong in quality assurance.,1.02,LinkedIn,2021-05-27,2.8,4.3,3.6,3.5,61.0,22.8,4,2,2021-05-27,2,60+,4.4,2.9
EMP0072,Female,27,Engineering,Engineering Manager,7.9,0.3,5.5,Bachelor,San Francisco,188495,4.2,MGR015,1,Exceptional performer who consistently exceeds expectations. Demonstrates strong leadership and technical skills. Highly collaborative team player. Strong in API development.,1.03,JobBoard,2016-02-09,4.2,2.6,4.1,4.4,76.0,0.0,5,3,2018-07-04,3,20-29,2.0,2.7
EMP0073,Male,35,Engineering,Principal Engineer,11.5,1.4,1.6,PhD,Remote,170952,4.4,MGR002,0,Star performer with outstanding technical and interpersonal skills. Proactive in identifying improvements. Key contributor to team success. Strong in API development. Valuable institutional knowledge.,1.01,JobBoard,2012-07-05,4.0,2.0,4.0,3.2,81.0,0.0,6,4,2022-05-27,3,30-39,3.0,2.1
EMP0074,Female,38,Operations,Operations Manager,2.7,2.1,2.7,Bachelor,Singapore,83133,3.6,MGR010,0,Reliable employee with satisfactory performance. Good attention to detail. Positive attitude toward learning. Strong in logistics.,1.11,LinkedIn,2021-04-21,3.6,4.4,2.8,3.9,77.0,9.6,5,3,2021-04-21,1,30-39,3.2,2.1
EMP0075,Female,38,HR,HR Coordinator,0.17,0.17,0.0,Bachelor,Remote,56348,2.7,MGR037,0,Performance gap identified in multiple areas. Needs to improve engagement and initiative. Technical training recommended. Strong in talent acquisition. Adapting well to new role.,1.02,Campus,2025-11-08,3.3,4.1,4.9,4.6,63.0,11.1,2,0,,1,30-39,3.6,5.0
EMP0076,Female,41,HR,HR Manager,6.0,0.2,1.0,High School,London,98940,3.4,MGR013,1,Consistent contributor who meets job requirements. Technical skills are adequate. Shows potential for development. Strong in training.,1.08,JobBoard,2018-01-02,3.8,4.2,4.2,4.8,68.0,7.4,6,4,2023-01-01,2,40-49,4.8,3.3
EMP0077,Female,31,Operations,Senior Ops Manager,5.0,0.4,3.5,Bachelor,Remote,97386,3.6,MGR017,0,Solid performer meeting expectations. Good technical foundation with room for growth. Reliable and consistent in delivery. Strong in vendor management.,1.1,Agency,2019-01-02,3.2,4.3,3.7,2.4,58.0,0.0,5,2,2020-07-03,2,30-39,3.0,3.2
EMP0078,Female,28,Engineering,Staff Engineer,5.2,0.1,5.1,Associate,San Francisco,139653,3.5,MGR030,1,Consistent contributor who meets job requirements. Technical skills are adequate. Shows potential for development. Strong in Python.,0.95,Agency,2018-10-21,3.9,2.2,3.8,4.8,78.0,0.9,4,2,2018-11-27,1,20-29,3.0,4.0
EMP0079,Male,30,Sales,Sales Manager,6.0,6.0,1.4,Bachelor,New York,133014,2.4,MGR011,0,Performance gap identified in multiple areas. Needs to improve engagement and initiative. Technical training recommended. Strong in pipeline management.,0.93,LinkedIn,2018-01-02,2.7,3.1,3.3,3.5,60.0,0.8,6,4,2022-08-09,2,30-39,4.2,2.7
EMP0080,Male,33,Engineering,Junior Engineer,0.9,0.6,0.0,Master,London,92001,3.0,MGR046,0,Reliable employee with satisfactory performance. Good attention to detail. Positive attitude toward learning. Strong in Python. Adapting well to new role.,0.92,Referral,2023-02-07,2.9,2.3,2.7,2.8,62.0,6.0,1,1,,0,30-39,3.4,4.8
EMP0081,Female,22,Product,Product Manager,1.4,1.4,1.4,Bachelor,Singapore,104578,4.8,MGR017,0,Outstanding contributor with excellent problem-solving abilities. Shows initiative and drives innovation. Strong communication skills and mentorship qualities. Strong in agile methodology.,1.21,LinkedIn,2022-08-09,4.3,4.6,3.1,3.4,78.0,0.5,5,0,2022-08-09,0,20-29,2.7,4.4
EMP0082,Male,22,Finance,Financial Analyst,0.3,0.0,0.0,Master,San Francisco,70400,3.7,MGR045,0,Consistent contributor who meets job requirements. Technical skills are adequate. Shows potential for development. Strong in financial modeling. Adapting well to new role.,1.08,JobBoard,2023-09-14,4.1,3.9,4.3,4.9,77.0,0.1,2,0,,0,20-29,3.4,2.3
EMP0083,Male,47,Sales,Senior AE,2.3,1.6,0.6,Master,New York,106531,3.4,MGR021,0,Meets expectations with occasional exceeding. Shows good collaboration with team. Technical skills are developing well. Strong in negotiation.,1.0,Referral,2021-09-14,3.4,3.0,2.0,3.5,70.0,15.5,5,2,2023-05-27,1,40-49,2.4,3.3
EMP0084,Male,25,Engineering,Staff Engineer,5.6,2.3,1.3,High School,San Francisco,156921,3.8,MGR028,0,Reliable employee with satisfactory performance. Good attention to detail. Positive attitude toward learning. Strong in JavaScript.,0.97,Referral,2018-05-29,3.5,2.2,2.3,3.0,70.0,0.0,5,3,2022-09-14,2,20-29,2.5,4.6
EMP0085,Male,34,Sales,Sales Rep,0.4,0.4,0.0,Associate,Remote,66231,4.1,MGR037,0,Exemplary employee showing mastery in their domain. Strong analytical thinking and strategic planning. Excellent at cross-functional collaboration. Leadership potential evident. Strong in closing deals. Adapting well to new role.,1.04,Referral,2023-08-08,4.0,2.9,2.1,3.9,85.0,9.2,3,1,,0,30-39,3.5,4.8
EMP0086,Male,43,Sales,Account Executive,1.4,0.1,0.2,Bachelor,New York,78787,2.9,MGR033,0,Inconsistent performance requiring attention. Quality of work needs enhancement. Would benefit from clearer goal setting. Strong in pipeline management.,0.96,Referral,2022-08-09,2.8,3.0,2.1,2.7,54.0,13.9,2,1,2023-10-20,0,40-49,3.3,3.4
EMP0087,Female,44,HR,HR Coordinator,0.1,0.1,0.0,Associate,Remote,62835,4.0,MGR031,1,Exemplary employee showing mastery in their domain. Strong analytical thinking and strategic planning. Excellent at cross-functional collaboration. Leadership potential evident. Strong in talent acquisition. Adapting well to new role.,1.12,Internal,2023-11-26,3.4,4.2,4.6,2.2,71.0,13.8,1,0,,0,40-49,4.7,3.8
EMP0088,Female,50,Finance,Director of Finance,7.2,1.3,2.7,Bachelor,Remote,164295,4.2,MGR009,0,Outstanding contributor with excellent problem-solving abilities. Shows initiative and drives innovation. Strong communication skills and mentorship qualities. Strong in forecasting.,1.12,JobBoard,2016-10-21,3.6,3.9,4.1,2.4,70.0,11.8,7,4,2021-04-21,2,50-59,3.1,2.5
EMP0089,Female,32,Product,Senior PM,0.12,0.12,4.5,Bachelor,London,124273,3.6,MGR038,0,Meets expectations with occasional exceeding. Shows good collaboration with team. Technical skills are developing well. Strong in feature prioritization.,1.12,LinkedIn,2025-11-29,3.1,4.7,3.4,2.4,63.0,4.2,4,0,2019-07-04,1,30-39,3.7,5.0
EMP0090,Male,29,Marketing,Marketing Coordinator,0.6,0.6,0.0,Bachelor,London,59453,3.0,MGR048,0,Meets expectations with occasional exceeding. Shows good collaboration with team. Technical skills are developing well. Strong in brand development. Adapting well to new role.,0.99,Referral,2023-05-27,2.8,3.4,2.3,2.5,63.0,3.2,2,0,,0,20-29,3.9,2.7
EMP0091,Female,32,Engineering,Principal Engineer,0.15,0.15,0.1,Bachelor,Singapore,151250,2.3,MGR004,0,Below expectations in key areas. Communication could be more effective. Close monitoring advised. Strong in Python.,0.87,LinkedIn,2025-11-17,2.2,2.4,3.5,2.4,53.0,0.0,7,0,2023-11-26,2,30-39,2.0,4.8
EMP0092,Female,55,HR,Director of HR,7.2,0.7,1.1,Bachelor,San Francisco,114512,1.8,MGR008,1,Inconsistent performance requiring attention. Quality of work needs enhancement. Would benefit from clearer goal setting. Strong in talent acquisition.,0.95,LinkedIn,2016-10-21,2.4,4.1,3.4,3.9,61.0,15.6,7,4,2022-11-26,1,50-59,4.0,3.9
EMP0093,Male,51,Operations,Operations Manager,3.5,1.4,0.7,Bachelor,London,71676,3.1,MGR002,0,Consistent contributor who meets job requirements. Technical skills are adequate. Shows potential for development. Strong in supply chain.,1.06,Referral,2020-07-03,2.9,4.3,2.5,2.5,55.0,16.6,5,1,2023-04-21,0,50-59,2.5,3.8
EMP0094,Female,45,Finance,Financial Analyst,0.4,0.4,0.0,Bachelor,San Francisco,74138,3.0,MGR042,0,Consistent contributor who meets job requirements. Technical skills are adequate. Shows potential for development. Strong in audit preparation. Adapting well to new role.,1.01,LinkedIn,2023-08-08,2.9,3.7,3.3,3.0,55.0,16.2,3,1,,0,40-49,4.9,3.5
EMP0095,Male,22,Operations,Operations Associate,0.3,0.3,0.0,Bachelor,London,53420,1.9,MGR020,0,Inconsistent performance requiring attention. Quality of work needs enhancement. Would benefit from clearer goal setting. Strong in quality assurance. Adapting well to new role.,0.97,LinkedIn,2023-09-14,2.7,4.3,3.2,4.7,61.0,1.5,1,0,,1,20-29,2.4,2.7
EMP0096,Male,30,Marketing,Marketing Specialist,1.0,0.9,1.0,Bachelor,San Francisco,85657,3.7,MGR034,0,Reliable employee with satisfactory performance. Good attention to detail. Positive attitude toward learning. Strong in digital marketing.,1.05,Agency,2023-01-01,3.6,3.5,3.8,3.4,73.0,3.6,2,1,2023-01-01,1,30-39,3.2,2.5
EMP0097,Male,31,Marketing,Marketing Coordinator,0.4,0.4,0.0,Bachelor,New York,68837,3.5,MGR036,0,Consistent contributor who meets job requirements. Technical skills are adequate. Shows potential for development. Strong in digital marketing. Adapting well to new role.,1.04,Agency,2023-08-08,3.6,3.6,3.9,4.0,68.0,4.4,2,1,,1,30-39,2.3,2.7
EMP0098,Female,34,Sales,Account Executive,3.1,0.0,3.1,Bachelor,San Francisco,96166,3.4,MGR037,0,Reliable employee with satisfactory performance. Good attention to detail. Positive attitude toward learning. Strong in negotiation.,1.02,Referral,2020-11-26,3.1,3.3,2.1,2.5,58.0,4.1,4,2,2020-11-26,1,30-39,5.0,2.6
EMP0099,Male,39,Engineering,Junior Engineer,0.5,0.5,0.0,PhD,New York,69296,2.7,MGR048,0,Performance needs improvement in several areas. Technical skills require development. Recommended for coaching and training. Strong in API development. Adapting well to new role.,0.88,LinkedIn,2023-07-03,2.6,2.1,3.1,2.6,50.0,12.9,2,1,,1,30-39,3.5,4.3
EMP0100,Female,30,Engineering,Engineer,2.1,2.1,1.2,Master,New York,105364,3.2,MGR044,1,Solid performer meeting expectations. Good technical foundation with room for growth. Reliable and consistent in delivery. Strong in Python.,0.94,Agency,2021-11-26,2.8,2.3,3.9,2.1,65.0,4.1,4,1,2022-10-20,0,30-39,3.8,3.1
EMP0101,Female,46,Engineering,Junior Engineer,0.9,0.2,0.0,Master,San Francisco,94322,3.0,MGR028,0,Reliable employee with satisfactory performance. Good attention to detail. Positive attitude toward learning. Strong in cloud architecture. Adapting well to new role.,0.91,LinkedIn,2023-02-07,2.8,2.1,3.5,2.5,55.0,15.0,2,2,,1,40-49,2.2,2.2
EMP0102,Male,38,Finance,Financial Analyst,0.3,0.3,0.0,Master,New York,74707,3.6,MGR032,0,Meets expectations with occasional exceeding. Shows good collaboration with team. Technical skills are developing well. Strong in budgeting. Adapting well to new role.,1.07,Internal,2023-09-14,3.3,3.9,4.6,2.8,64.0,12.2,3,1,,1,30-39,4.2,4.9
EMP0103,Male,32,Sales,Senior AE,6.0,2.0,2.4,High School,London,121005,1.9,MGR020,0,Inconsistent performance requiring attention. Quality of work needs enhancement. Would benefit from clearer goal setting. Strong in closing deals.,0.88,JobBoard,2018-01-02,2.0,2.9,4.0,2.5,43.0,2.4,4,2,2021-08-08,2,30-39,2.6,4.7
EMP0104,Male,45,Marketing,Marketing Coordinator,0.9,0.9,0.0,Associate,New York,75517,4.1,MGR022,0,Exemplary employee showing mastery in their domain. Strong analytical thinking and strategic planning. Excellent at cross-functional collaboration. Leadership potential evident. Strong in content strategy. Adapting well to new role.,1.08,Referral,2023-02-07,3.5,3.5,2.5,2.3,68.0,16.6,1,1,,1,40-49,4.7,4.8
EMP0105,Female,41,Product,Senior PM,6.6,1.0,2.2,Bachelor,Remote,138066,4.3,MGR037,0,Exemplary employee showing mastery in their domain. Strong analytical thinking and strategic planning. Excellent at cross-functional collaboration. Leadership potential evident. Strong in stakeholder management.,1.18,Referral,2017-05-28,3.6,4.7,2.2,2.4,65.0,8.4,5,4,2021-10-20,2,40-49,2.6,5.0
EMP0106,Female,40,Engineering,Staff Engineer,4.4,2.1,4.4,Bachelor,Remote,145452,3.2,MGR041,0,Reliable employee with satisfactory performance. Good attention to detail. Positive attitude toward learning. Strong in Python.,0.96,Agency,2019-08-09,3.2,2.7,3.9,3.4,66.0,7.2,4,2,2019-08-09,1,40-49,2.6,2.5
EMP0107,Female,30,Sales,Senior AE,0.09,0.09,0.9,Master,London,99550,2.5,MGR044,0,Performance needs improvement in several areas. Technical skills require development. Recommended for coaching and training. Strong in CRM expertise.,0.94,Referral,2025-12-08,2.5,3.2,2.1,2.6,49.0,3.2,4,0,2023-02-07,2,30-39,2.1,3.2
EMP0108,Male,44,Operations,Operations Specialist,2.6,2.5,0.3,Master,Remote,58456,3.4,MGR023,0,Solid performer meeting expectations. Good technical foundation with room for growth. Reliable and consistent in delivery. Strong in vendor management.,1.08,Agency,2021-05-27,3.2,4.3,3.8,3.1,70.0,12.6,2,2,2023-09-14,0,40-49,3.4,4.3
EMP0109,Male,39,Engineering,Junior Engineer,0.4,0.4,0.0,Bachelor,London,67584,3.4,MGR044,1,Meets expectations with occasional exceeding. Shows good collaboration with team. Technical skills are developing well. Strong in system design. Adapting well to new role.,0.98,Website,2023-08-08,3.4,2.7,4.8,3.5,65.0,12.9,1,0,,0,30-39,3.7,4.1
EMP0110,Female,46,Engineering,Senior Engineer,6.4,0.7,3.3,Bachelor,San Francisco,132855,3.9,MGR029,0,Consistent contributor who meets job requirements. Technical skills are adequate. Shows potential for development. Strong in DevOps.,0.98,Agency,2017-08-09,3.9,2.2,3.7,4.1,77.0,11.3,4,4,2020-09-14,1,40-49,2.2,2.5
EMP0111,Female,57,Sales,Sales Rep,0.6,0.2,0.0,Bachelor,Remote,61226,3.9,MGR029,0,Consistent contributor who meets job requirements. Technical skills are adequate. Shows potential for development. Strong in negotiation. Adapting well to new role.,1.03,LinkedIn,2023-05-27,3.3,2.9,3.2,2.1,73.0,25.0,4,0,,0,50-59,4.3,4.4
EMP0112,Female,51,Engineering,Engineer,1.0,0.6,1.0,Bachelor,New York,97720,4.4,MGR030,0,Exemplary employee showing mastery in their domain. Strong analytical thinking and strategic planning. Excellent at cross-functional collaboration. Leadership potential evident. Strong in DevOps.,1.04,Agency,2023-01-01,4.4,2.5,3.9,4.4,86.0,19.9,3,0,2023-01-01,0,50-59,3.4,2.7
EMP0113,Male,38,Customer Success,CS Specialist,3.0,1.8,1.3,Associate,New York,67726,2.1,MGR032,0,Performance gap identified in multiple areas. Needs to improve engagement and initiative. Technical training recommended. Strong in customer retention.,1.02,LinkedIn,2021-01-01,2.6,4.8,3.4,3.9,57.0,6.9,4,1,2022-09-14,1,30-39,3.6,2.7
EMP0114,Male,22,Operations,Operations Specialist,2.6,0.6,2.2,Bachelor,Remote,62437,3.6,MGR041,0,Reliable employee with satisfactory performance. Good attention to detail. Positive attitude toward learning. Strong in logistics.,1.11,LinkedIn,2021-05-27,3.1,4.4,3.6,2.2,61.0,0.0,2,2,2021-10-20,1,20-29,3.3,3.6
EMP0115,Male,41,Finance,Senior Finance Manager,4.6,4.6,2.5,Master,New York,144772,2.8,MGR016,0,Inconsistent performance requiring attention. Quality of work needs enhancement. Would benefit from clearer goal setting. Strong in audit preparation.,1.01,Website,2019-05-29,3.3,3.9,4.8,4.6,64.0,10.6,5,3,2021-07-03,2,40-49,3.2,3.8
EMP0116,Male,40,Product,Associate PM,0.1,0.1,0.0,Bachelor,Remote,84173,3.6,MGR039,0,Meets expectations with occasional exceeding. Shows good collaboration with team. Technical skills are developing well. Strong in user research. Adapting well to new role.,1.12,LinkedIn,2023-11-26,3.9,4.6,3.2,4.8,79.0,14.2,2,0,,0,40-49,3.7,3.7
EMP0117,Male,27,Operations,Senior Ops Manager,4.9,0.1,0.3,Master,Remote,99602,2.8,MGR002,0,Below expectations in key areas. Communication could be more effective. Close monitoring advised. Strong in logistics.,1.05,Campus,2019-02-08,2.5,4.4,4.9,2.2,62.0,0.0,5,2,2023-09-14,1,20-29,2.5,2.3
EMP0118,Female,23,Engineering,Engineering Manager,9.7,5.7,5.2,Bachelor,San Francisco,191268,3.1,MGR010,0,Solid performer meeting expectations. Good technical foundation with room for growth. Reliable and consistent in delivery. Strong in system design. Valuable institutional knowledge.,0.94,Website,2014-04-23,2.9,2.6,4.7,2.8,63.0,0.0,6,4,2018-10-21,3,20-29,2.5,4.6
EMP0119,Female,22,Product,Senior PM,2.7,2.7,2.7,Master,London,130711,3.0,MGR021,0,Reliable employee with satisfactory performance. Good attention to detail. Positive attitude toward learning. Strong in roadmap planning.,1.08,Referral,2021-04-21,3.4,4.7,2.6,4.4,69.0,0.0,4,1,2021-04-21,1,20-29,4.6,2.8
EMP0120,Female,27,Marketing,Marketing Coordinator,0.9,0.9,0.0,Master,London,49227,2.9,MGR035,1,Below expectations in key areas. Communication could be more effective. Close monitoring advised. Strong in brand development. Adapting well to new role.,1.0,Referral,2023-02-07,3.3,3.6,2.2,4.2,70.0,3.5,1,1,,1,20-29,4.8,2.4
EMP0121,Male,28,Operations,Operations Manager,2.4,1.3,1.8,Bachelor,New York,86037,3.0,MGR013,0,Consistent contributor who meets job requirements. Technical skills are adequate. Shows potential for development. Strong in process optimization.,1.06,Referral,2021-08-08,2.8,4.4,2.3,2.6,59.0,3.1,6,3,2022-03-15,1,20-29,3.1,4.7
EMP0122,Female,34,Product,Group PM,9.6,0.0,2.3,Master,San Francisco,151008,2.4,MGR044,1,Performance needs improvement in several areas. Technical skills require development. Recommended for coaching and training. Strong in roadmap planning. Valuable institutional knowledge.,1.03,Referral,2014-05-29,2.4,4.7,2.1,2.6,47.0,0.0,4,4,2021-09-14,3,30-39,2.8,4.9
EMP0123,Male,36,Sales,Regional Director,14.4,0.6,0.5,Associate,New York,152103,4.4,MGR008,0,Outstanding contributor with excellent problem-solving abilities. Shows initiative and drives innovation. Strong communication skills and mentorship qualities. Strong in client relations. Valuable institutional knowledge.,1.07,Referral,2009-08-11,4.0,3.0,2.3,3.1,78.0,0.0,7,6,2023-07-03,4,30-39,3.9,4.6
EMP0124,Female,50,Engineering,Staff Engineer,0.12,0.12,3.2,Master,San Francisco,142377,4.2,MGR046,0,Exemplary employee showing mastery in their domain. Strong analytical thinking and strategic planning. Excellent at cross-functional collaboration. Leadership potential evident. Strong in system design.,1.01,JobBoard,2025-11-28,3.9,2.3,4.0,3.5,83.0,15.1,4,0,2020-10-20,2,50-59,3.2,4.4
EMP0125,Female,47,Engineering,Senior Engineer,4.6,1.1,3.9,Bachelor,New York,123920,2.5,MGR032,0,Below expectations in key areas. Communication could be more effective. Close monitoring advised. Strong in JavaScript.,0.91,Referral,2019-05-29,2.9,2.7,2.2,3.9,56.0,13.8,5,3,2020-02-08,2,40-49,2.1,4.0
EMP0126,Male,40,Sales,Sales Rep,0.1,0.1,0.0,Master,Remote,62247,3.0,MGR040,0,Meets expectations with occasional exceeding. Shows good collaboration with team. Technical skills are developing well. Strong in negotiation. Adapting well to new role.,0.99,LinkedIn,2023-11-26,3.0,3.3,3.0,3.1,65.0,12.7,3,1,,0,40-49,2.5,3.7
EMP0127,Female,23,Operations,Operations Specialist,1.4,1.0,1.4,Bachelor,San Francisco,66124,2.6,MGR047,0,Inconsistent performance requiring attention. Quality of work needs enhancement. Would benefit from clearer goal setting. Strong in vendor management.,1.03,Internal,2022-08-09,2.8,4.5,4.5,3.4,55.0,0.0,2,1,2022-08-09,0,20-29,4.1,2.3
EMP0128,Male,45,Product,Associate PM,0.3,0.3,0.0,Bachelor,Remote,90453,3.9,MGR041,0,Consistent contributor who meets job requirements. Technical skills are adequate. Shows potential for development. Strong in stakeholder management. Adapting well to new role.,1.14,Referral,2023-09-14,4.0,4.6,2.1,4.2,78.0,15.8,2,0,,1,40-49,4.0,3.2
EMP0129,Male,48,Engineering,Junior Engineer,0.2,0.2,0.0,Master,New York,97892,2.8,MGR030,1,Performance gap identified in multiple areas. Needs to improve engagement and initiative. Technical training recommended. Strong in API development. Adapting well to new role.,0.89,Internal,2023-10-20,2.5,2.0,4.4,2.1,49.0,17.2,1,1,,0,40-49,2.1,3.1
EMP0130,Female,35,Marketing,Marketing Manager,3.8,2.7,1.1,High School,New York,88428,2.3,MGR019,0,Below expectations in key areas. Communication could be more effective. Close monitoring advised. Strong in analytics.,0.95,LinkedIn,2020-03-15,2.4,3.5,2.8,2.8,53.0,5.6,6,2,2022-11-26,2,30-39,2.7,2.8
EMP0131,Male,46,Sales,Account Executive,0.08,0.08,1.1,PhD,New York,91951,2.1,MGR036,1,Below expectations in key areas. Communication could be more effective. Close monitoring advised. Strong in closing deals.,0.92,Referral,2025-12-11,2.7,3.3,2.4,4.1,62.0,16.5,4,0,2022-11-26,1,40-49,2.7,4.2
EMP0132,Male,50,Engineering,Engineer,1.0,1.0,1.0,PhD,New York,97751,2.8,MGR021,0,Below expectations in key areas. Communication could be more effective. Close monitoring advised. Strong in JavaScript.,0.93,JobBoard,2023-01-01,3.4,2.7,4.1,4.7,66.0,20.1,2,0,2023-01-01,1,50-59,4.0,3.5
EMP0133,Female,49,Engineering,Senior Engineer,4.8,0.2,2.3,Bachelor,London,142709,3.8,MGR037,0,Reliable employee with satisfactory performance. Good attention to detail. Positive attitude toward learning. Strong in cloud architecture.,0.98,Agency,2019-03-16,3.7,2.4,3.9,3.5,75.0,14.6,4,2,2021-09-14,2,40-49,2.1,2.2
EMP0134,Male,22,Sales,Regional Director,10.0,0.0,10.0,Bachelor,New York,136300,4.3,MGR012,0,Outstanding contributor with excellent problem-solving abilities. Shows initiative and drives innovation. Strong communication skills and mentorship qualities. Strong in negotiation. Valuable institutional knowledge.,1.07,Internal,2014-01-03,4.0,3.0,4.6,3.6,82.0,0.0,7,4,2014-01-03,3,20-29,2.3,2.7
EMP0135,Male,33,Customer Success,CS Manager,4.9,0.4,0.1,Master,Remote,89060,4.0,MGR013,0,Exceptional performer who consistently exceeds expectations. Demonstrates strong leadership and technical skills. Highly collaborative team player. Strong in onboarding.,1.16,JobBoard,2019-02-08,3.4,4.8,4.2,2.3,75.0,1.4,5,3,2023-11-26,1,30-39,4.4,4.0
EMP0136,Male,27,Sales,Sales Rep,0.6,0.5,0.0,Master,Singapore,81106,3.0,MGR030,0,Consistent contributor who meets job requirements. Technical skills are adequate. Shows potential for development. Strong in negotiation. Adapting well to new role.,0.96,Internal,2023-05-27,3.0,3.0,4.4,3.3,59.0,2.7,2,1,,1,20-29,2.5,2.2
EMP0137,Male,43,Marketing,Marketing Manager,3.3,2.0,3.3,Associate,New York,104417,3.1,MGR001,1,Meets expectations with occasional exceeding. Shows good collaboration with team. Technical skills are developing well. Strong in brand development.,1.01,LinkedIn,2020-09-14,3.2,3.6,2.8,3.6,64.0,9.4,6,1,2020-09-14,1,40-49,4.0,4.6
EMP0138,Female,22,HR,HR Manager,4.7,3.2,0.6,Bachelor,San Francisco,116911,3.5,MGR009,0,Reliable employee with satisfactory performance. Good attention to detail. Positive attitude toward learning. Strong in employee relations.,1.08,Referral,2019-04-22,3.2,4.1,2.5,2.7,60.0,0.0,5,3,2023-05-27,2,20-29,2.7,3.5
EMP0139,Female,41,Sales,Senior AE,2.6,0.5,2.6,Master,Remote,84390,2.5,MGR043,0,Performance needs improvement in several areas. Technical skills require development. Recommended for coaching and training. Strong in client relations.,0.94,JobBoard,2021-05-27,2.5,3.1,4.3,2.8,62.0,11.6,4,1,2021-05-27,1,40-49,2.3,3.4
EMP0140,Male,30,Customer Success,CS Manager,0.03,0.03,2.2,Bachelor,San Francisco,70453,1.9,MGR010,0,Performance needs improvement in several areas. Technical skills require development. Recommended for coaching and training. Strong in renewal negotiation.,1.01,Internal,2025-12-29,2.2,4.9,4.4,3.1,57.0,5.2,6,0,2021-10-20,1,30-39,2.7,3.8
EMP0141,Male,22,Customer Success,Senior CS Manager,5.5,2.6,0.3,Bachelor,London,109100,3.8,MGR002,1,Consistent contributor who meets job requirements. Technical skills are adequate. Shows potential for development. Strong in account management.,1.15,Campus,2018-07-04,3.2,4.9,5.0,2.1,66.0,0.0,5,3,2023-09-14,1,20-29,4.2,4.5
EMP0142,Female,25,Engineering,Engineer,3.2,0.2,0.2,Bachelor,New York,115204,2.7,MGR038,0,Below expectations in key areas. Communication could be more effective. Close monitoring advised. Strong in Python.,0.93,LinkedIn,2020-10-20,2.7,2.8,3.2,3.0,63.0,0.0,2,1,2023-10-20,1,20-29,4.6,3.0
EMP0143,Male,23,Marketing,Marketing Specialist,1.4,1.4,1.4,Bachelor,New York,79250,2.4,MGR035,0,Inconsistent performance requiring attention. Quality of work needs enhancement. Would benefit from clearer goal setting. Strong in brand development.,0.95,LinkedIn,2022-08-09,2.4,3.5,3.1,2.6,54.0,0.5,2,1,2022-08-09,0,20-29,4.5,4.0
EMP0144,Female,53,Sales,Sales Rep,0.7,0.7,0.0,Master,Remote,73753,3.1,MGR049,0,Consistent contributor who meets job requirements. Technical skills are adequate. Shows potential for development. Strong in closing deals. Adapting well to new role.,0.97,JobBoard,2023-04-21,3.0,2.9,4.3,3.0,64.0,19.8,3,0,,0,50-59,3.2,3.7
EMP0145,Male,29,Sales,Senior AE,2.6,0.5,1.2,Bachelor,Remote,109371,2.1,MGR024,0,Performance needs improvement in several areas. Technical skills require development. Recommended for coaching and training. Strong in CRM expertise.,0.89,LinkedIn,2021-05-27,2.1,2.9,3.0,2.4,43.0,2.5,5,2,2022-10-20,1,20-29,4.0,2.8
EMP0146,Female,22,Engineering,Senior Engineer,4.3,1.1,3.3,Master,New York,120951,3.5,MGR039,1,Solid performer meeting expectations. Good technical foundation with room for growth. Reliable and consistent in delivery. Strong in cloud architecture.,0.94,Website,2019-09-15,3.8,2.1,4.8,4.7,78.0,0.0,4,3,2020-09-14,1,20-29,2.6,4.6
EMP0147,Male,38,Finance,Financial Analyst,0.3,0.3,0.0,Bachelor,San Francisco,76572,2.9,MGR041,1,Inconsistent performance requiring attention. Quality of work needs enhancement. Would benefit from clearer goal setting. Strong in forecasting. Adapting well to new role.,1.01,Internal,2023-09-14,3.1,3.8,4.6,3.8,58.0,11.4,2,0,,0,30-39,2.9,4.4
EMP0148,Female,38,Marketing,Marketing Manager,2.0,0.1,0.2,Bachelor,San Francisco,74564,3.7,MGR018,0,Reliable employee with satisfactory performance. Good attention to detail. Positive attitude toward learning. Strong in analytics.,1.05,LinkedIn,2022-01-01,3.8,3.5,3.3,4.0,79.0,8.0,5,1,2023-10-20,0,30-39,4.7,4.0
EMP0149,Female,38,Engineering,Junior Engineer,0.5,0.5,0.0,Master,San Francisco,97645,3.3,MGR042,1,Meets expectations with occasional exceeding. Shows good collaboration with team. Technical skills are developing well. Strong in JavaScript. Adapting well to new role.,0.93,JobBoard,2023-07-03,3.6,2.2,4.3,4.4,76.0,10.1,1,0,,1,30-39,2.0,4.6
EMP0150,Female,34,Engineering,Junior Engineer,0.8,0.8,0.0,PhD,San Francisco,79678,2.8,MGR029,1,Performance gap identified in multiple areas. Needs to improve engagement and initiative. Technical training recommended. Strong in system design. Adapting well to new role.,0.94,JobBoard,2023-03-15,3.0,2.8,4.3,3.5,66.0,8.7,1,1,,1,30-39,2.3,4.6
EMP0151,Non-Binary,37,Product,Product Manager,0.2,0.2,2.8,Bachelor,New York,108876,2.6,MGR001,0,Performance gap identified in multiple areas. Needs to improve engagement and initiative. Technical training recommended. Strong in roadmap planning.,1.05,Referral,2025-10-29,2.4,4.7,2.3,2.3,47.0,7.9,6,0,2021-03-16,1,30-39,2.6,4.1
EMP0152,Male,35,Engineering,Senior Engineer,2.0,1.2,1.3,Bachelor,London,127953,4.5,MGR027,1,Exceptional performer who consistently exceeds expectations. Demonstrates strong leadership and technical skills. Highly collaborative team player. Strong in system design.,1.06,Website,2022-01-01,4.2,2.7,4.7,3.6,78.0,5.1,4,1,2022-09-14,0,30-39,2.1,4.5
EMP0153,Female,31,Engineering,Staff Engineer,13.4,0.4,1.0,Bachelor,San Francisco,154010,2.7,MGR041,0,Performance needs improvement in several areas. Technical skills require development. Recommended for coaching and training. Strong in Python. Valuable institutional knowledge.,0.91,LinkedIn,2010-08-11,3.0,2.4,3.5,3.8,59.0,0.0,4,5,2023-01-01,3,30-39,2.5,4.1
EMP0154,Male,35,Marketing,Marketing Coordinator,0.6,0.6,0.0,Bachelor,Remote,80828,4.4,MGR022,1,Outstanding contributor with excellent problem-solving abilities. Shows initiative and drives innovation. Strong communication skills and mentorship qualities. Strong in brand development. Adapting well to new role.,1.1,Internal,2023-05-27,4.3,3.5,4.5,4.2,80.0,6.6,1,1,,0,30-39,3.7,4.0
EMP0155,Male,35,Customer Success,CS Manager,2.4,0.2,1.5,Master,London,88850,2.8,MGR009,1,Performance gap identified in multiple areas. Needs to improve engagement and initiative. Technical training recommended. Strong in account management.,1.08,LinkedIn,2021-08-08,2.9,5.0,3.0,3.3,55.0,7.7,6,1,2022-07-03,1,30-39,3.3,3.9
EMP0156,Female,29,Engineering,Senior Engineer,3.0,3.0,1.8,Bachelor,Singapore,140660,1.9,MGR032,0,Performance gap identified in multiple areas. Needs to improve engagement and initiative. Technical training recommended. Strong in Python.,0.87,Website,2021-01-01,2.0,2.7,4.7,2.4,54.0,0.7,4,1,2022-03-15,1,20-29,4.7,4.3
EMP0157,Male,32,HR,HR Manager,14.4,2.6,4.3,Bachelor,New York,128667,4.4,MGR019,0,Outstanding contributor with excellent problem-solving abilities. Shows initiative and drives innovation. Strong communication skills and mentorship qualities. Strong in performance management. Valuable institutional knowledge.,1.14,LinkedIn,2009-08-11,3.9,4.0,3.2,2.9,77.0,0.0,6,5,2019-09-15,4,30-39,4.5,2.5
EMP0158,Female,28,Operations,Director of Operations,7.5,1.3,0.3,PhD,London,103628,4.2,MGR005,0,Star performer with outstanding technical and interpersonal skills. Proactive in identifying improvements. Key contributor to team success. Strong in logistics.,1.14,Referral,2016-07-04,3.8,4.3,2.0,3.1,72.0,0.0,7,3,2023-09-14,2,20-29,3.0,4.6
EMP0159,Female,46,Engineering,Senior Engineer,4.4,0.8,0.9,Master,New York,145761,3.4,MGR021,0,Meets expectations with occasional exceeding. Shows good collaboration with team. Technical skills are developing well. Strong in API development.,0.98,Website,2019-08-09,3.5,2.7,4.7,3.9,68.0,11.7,4,2,2023-02-07,2,40-49,2.8,4.6
EMP0160,Male,30,HR,HR Business Partner,6.0,4.2,1.9,Bachelor,San Francisco,92343,3.1,MGR020,0,Solid performer meeting expectations. Good technical foundation with room for growth. Reliable and consistent in delivery. Strong in training.,1.05,Referral,2018-01-02,3.2,4.2,2.3,3.7,65.0,0.0,4,3,2022-02-07,2,30-39,3.1,2.1
EMP0161,Male,29,Sales,Account Executive,1.5,1.5,1.1,Master,Singapore,83714,3.0,MGR022,0,Consistent contributor who meets job requirements. Technical skills are adequate. Shows potential for development. Strong in closing deals.,0.97,LinkedIn,2022-07-03,3.0,3.1,3.0,3.1,64.0,2.6,4,2,2022-11-26,1,20-29,3.8,4.5
EMP0162,Female,47,Finance,Financial Analyst,0.1,0.0,0.0,Bachelor,New York,65849,3.4,MGR042,0,Solid performer meeting expectations. Good technical foundation with room for growth. Reliable and consistent in delivery. Strong in financial modeling. Adapting well to new role.,1.06,Campus,2023-11-26,3.9,3.9,4.9,5.0,76.0,18.9,4,1,,0,40-49,2.8,2.4
EMP0163,Male,43,Finance,Finance Manager,4.1,2.9,1.3,Bachelor,San Francisco,102432,3.4,MGR009,0,Reliable employee with satisfactory performance. Good attention to detail. Positive attitude toward learning. Strong in forecasting.,1.06,Campus,2019-11-27,3.5,3.9,4.9,3.8,76.0,12.6,5,2,2022-09-14,1,40-49,3.9,3.0
EMP0164,Female,37,Marketing,Marketing Manager,0.24,0.24,0.5,Master,San Francisco,88632,2.3,MGR003,0,Performance needs improvement in several areas. Technical skills require development. Recommended for coaching and training. Strong in digital marketing.,0.95,Agency,2025-10-13,2.3,3.6,3.7,2.7,52.0,4.6,6,0,2023-07-03,1,30-39,3.2,4.2
EMP0165,Male,48,Engineering,Senior Engineer,0.36,0.36,2.3,Associate,San Francisco,120581,3.5,MGR028,0,Reliable employee with satisfactory performance. Good attention to detail. Positive attitude toward learning. Strong in cloud architecture.,0.96,Agency,2025-09-02,3.1,2.3,3.9,2.3,71.0,15.7,5,0,2021-09-14,1,40-49,3.7,2.5
EMP0166,Non-Binary,32,Operations,Senior Ops Manager,6.4,3.5,0.8,Bachelor,London,103738,4.6,MGR009,0,Star performer with outstanding technical and interpersonal skills. Proactive in identifying improvements. Key contributor to team success. Strong in quality assurance.,1.19,LinkedIn,2017-08-09,3.9,4.5,3.3,2.5,81.0,1.5,5,4,2023-03-15,3,30-39,3.3,4.5
EMP0167,Female,34,Sales,Account Executive,1.3,1.3,0.1,Bachelor,San Francisco,81465,3.4,MGR028,0,Reliable employee with satisfactory performance. Good attention to detail. Positive attitude toward learning. Strong in pipeline management.,0.99,LinkedIn,2022-09-14,3.1,3.0,2.9,2.7,60.0,8.6,3,1,2023-11-26,0,30-39,2.9,4.5
EMP0168,Female,43,Engineering,Principal Engineer,15.0,1.1,0.8,Master,London,183850,4.7,MGR005,0,Outstanding contributor with excellent problem-solving abilities. Shows initiative and drives innovation. Strong communication skills and mentorship qualities. Strong in DevOps. Valuable institutional knowledge.,1.06,LinkedIn,2009-01-04,4.0,2.6,3.0,2.5,84.0,0.1,7,5,2023-03-15,3,40-49,4.8,3.5
EMP0169,Female,25,Engineering,Junior Engineer,0.3,0.3,0.0,Master,London,85791,1.1,MGR031,1,Performance gap identified in multiple areas. Needs to improve engagement and initiative. Technical training recommended. Strong in code review. Adapting well to new role.,0.77,JobBoard,2023-09-14,1.5,2.1,4.0,2.6,40.0,1.4,1,1,,0,20-29,4.3,2.0
EMP0170,Male,41,Finance,Finance Manager,2.2,1.9,2.2,Bachelor,San Francisco,122519,3.6,MGR007,0,Meets expectations with occasional exceeding. Shows good collaboration with team. Technical skills are developing well. Strong in forecasting.,1.06,JobBoard,2021-10-20,3.3,3.8,4.3,2.9,72.0,10.8,5,1,2021-10-20,1,40-49,2.4,2.9
EMP0171,Non-Binary,31,HR,HR Business Partner,5.4,2.7,1.8,Bachelor,San Francisco,90779,2.8,MGR036,0,Performance needs improvement in several areas. Technical skills require development. Recommended for coaching and training. Strong in employee relations.,1.02,JobBoard,2018-08-09,2.6,4.0,4.4,2.5,55.0,1.7,2,2,2022-03-15,1,30-39,4.6,3.9
EMP0172,Female,36,Engineering,Junior Engineer,0.1,0.1,0.0,Bachelor,Remote,72012,1.2,MGR035,1,Below expectations in key areas. Communication could be more effective. Close monitoring advised. Strong in API development. Adapting well to new role.,0.77,JobBoard,2023-11-26,2.2,2.0,4.4,4.7,56.0,7.7,1,0,,0,30-39,3.5,4.9
EMP0173,Male,26,Marketing,Marketing Specialist,2.5,2.5,0.8,Bachelor,New York,77644,1.5,MGR029,1,Performance gap identified in multiple areas. Needs to improve engagement and initiative. Technical training recommended. Strong in digital marketing.,0.89,Referral,2021-07-03,1.6,3.5,2.3,2.2,47.0,0.8,3,1,2023-03-15,1,20-29,4.7,3.9
EMP0174,Female,22,Engineering,Engineer,1.2,1.2,0.3,Bachelor,San Francisco,102605,1.5,MGR030,0,Performance needs improvement in several areas. Technical skills require development. Recommended for coaching and training. Strong in cloud architecture.,0.83,LinkedIn,2022-10-20,2.1,2.7,3.5,3.6,54.0,0.0,2,1,2023-09-14,0,20-29,4.4,2.8
EMP0175,Male,34,Finance,Senior Finance Manager,9.3,2.5,2.3,Master,San Francisco,133877,4.1,MGR005,0,Outstanding contributor with excellent problem-solving abilities. Shows initiative and drives innovation. Strong communication skills and mentorship qualities. Strong in forecasting. Valuable institutional knowledge.,1.11,Referral,2014-09-16,3.8,3.9,2.2,3.2,79.0,0.3,4,3,2021-09-14,2,30-39,3.3,3.9
EMP0176,Female,29,Engineering,Junior Engineer,0.1,0.1,0.0,Bachelor,New York,97754,3.6,MGR023,0,Reliable employee with satisfactory performance. Good attention to detail. Positive attitude toward learning. Strong in DevOps. Adapting well to new role.,0.98,LinkedIn,2023-11-26,4.0,2.5,3.6,4.9,75.0,3.2,1,1,,1,20-29,2.1,3.6
EMP0177,Female,26,HR,HR Specialist,1.9,0.9,1.9,Associate,New York,71339,2.3,MGR029,0,Below expectations in key areas. Communication could be more effective. Close monitoring advised. Strong in training.,0.99,LinkedIn,2022-02-07,2.2,4.1,3.3,2.3,44.0,1.3,2,1,2022-02-07,0,20-29,2.8,4.3
EMP0178,Male,49,Sales,Account Executive,2.4,2.4,0.3,Bachelor,New York,79650,3.2,MGR049,1,Meets expectations with occasional exceeding. Shows good collaboration with team. Technical skills are developing well. Strong in closing deals.,0.99,Website,2021-08-08,3.1,3.2,4.7,3.2,63.0,16.4,2,1,2023-09-14,2,40-49,3.6,2.3
EMP0179,Male,22,Customer Success,CS Representative,0.3,0.3,0.0,Master,Remote,68063,4.0,MGR040,1,Exceptional performer who consistently exceeds expectations. Demonstrates strong leadership and technical skills. Highly collaborative team player. Strong in customer retention. Adapting well to new role.,1.16,LinkedIn,2023-09-14,4.3,4.8,3.1,4.9,77.0,0.3,4,1,,0,20-29,3.9,4.3
EMP0180,Male,33,Engineering,Senior Engineer,0.35,0.35,2.2,Bachelor,London,122704,2.3,MGR031,0,Performance needs improvement in several areas. Technical skills require development. Recommended for coaching and training. Strong in DevOps.,0.88,Referral,2025-09-04,3.0,2.4,2.4,4.6,65.0,1.9,4,0,2021-10-20,2,30-39,2.8,3.6
EMP0181,Female,33,Sales,Account Executive,1.3,1.3,1.3,Bachelor,San Francisco,91962,2.9,MGR043,1,Inconsistent performance requiring attention. Quality of work needs enhancement. Would benefit from clearer goal setting. Strong in closing deals.,0.96,Referral,2022-09-14,3.3,3.0,2.4,4.5,65.0,6.7,2,0,2022-09-14,1,30-39,2.4,4.9
EMP0182,Female,22,Engineering,Staff Engineer,0.23,0.23,1.0,Bachelor,San Francisco,143861,2.8,MGR024,0,Performance needs improvement in several areas. Technical skills require development. Recommended for coaching and training. Strong in API development.,0.91,JobBoard,2025-10-18,2.7,2.3,4.3,2.8,65.0,0.0,4,0,2023-01-01,2,20-29,4.5,3.0
EMP0183,Female,47,Customer Success,CS Manager,3.0,1.3,0.1,Bachelor,New York,82373,3.1,MGR011,1,Solid performer meeting expectations. Good technical foundation with room for growth. Reliable and consistent in delivery. Strong in renewal negotiation.,1.09,Agency,2021-01-01,2.8,4.8,3.9,2.5,62.0,14.7,5,1,2023-11-26,2,40-49,5.0,3.9
EMP0184,Male,39,Product,Product Manager,1.7,1.2,0.9,Master,New York,110652,3.2,MGR004,0,Reliable employee with satisfactory performance. Good attention to detail. Positive attitude toward learning. Strong in stakeholder management.,1.09,Referral,2022-04-21,3.4,4.6,2.3,4.0,73.0,10.6,6,1,2023-02-07,0,30-39,3.6,4.8
EMP0185,Female,35,Engineering,Junior Engineer,0.3,0.3,0.0,Associate,New York,84528,3.0,MGR032,0,Reliable employee with satisfactory performance. Good attention to detail. Positive attitude toward learning. Strong in Python. Adapting well to new role.,0.95,Referral,2023-09-14,3.5,2.8,2.3,4.8,64.0,9.5,1,1,,1,30-39,2.5,2.3
EMP0186,Female,38,Finance,Senior Finance Manager,0.36,0.36,0.5,Bachelor,San Francisco,145561,3.3,MGR004,0,Solid performer meeting expectations. Good technical foundation with room for growth. Reliable and consistent in delivery. Strong in forecasting.,1.05,JobBoard,2025-09-02,3.4,4.0,4.1,3.7,74.0,7.4,4,0,2023-07-03,1,30-39,2.8,4.8
EMP0187,Male,44,Operations,Operations Associate,0.01,0.01,0.0,Bachelor,London,41402,3.8,MGR024,0,Consistent contributor who meets job requirements. Technical skills are adequate. Shows potential for development. Strong in supply chain. Adapting well to new role.,1.12,Referral,2026-01-05,3.7,4.5,2.2,3.7,79.0,14.0,2,0,,0,40-49,2.1,4.1
EMP0188,Male,54,Marketing,Senior Marketing Manager,4.6,0.5,4.6,Master,Remote,115229,3.6,MGR012,0,Reliable employee with satisfactory performance. Good attention to detail. Positive attitude toward learning. Strong in content strategy.,1.06,Internal,2019-05-29,3.3,3.7,4.5,2.8,67.0,19.1,5,3,2019-05-29,1,50-59,4.7,2.2
EMP0189,Male,28,Marketing,Marketing Manager,4.0,1.2,4.0,PhD,New York,99605,4.0,MGR004,0,Exceptional performer who consistently exceeds expectations. Demonstrates strong leadership and technical skills. Highly collaborative team player. Strong in analytics.,1.08,JobBoard,2020-01-02,4.1,3.6,4.1,4.3,81.0,0.2,5,3,2020-01-02,1,20-29,2.4,2.9
EMP0190,Male,34,Engineering,Engineer,1.2,1.2,1.2,Bachelor,Singapore,112848,3.2,MGR037,0,Meets expectations with occasional exceeding. Shows good collaboration with team. Technical skills are developing well. Strong in code review.,0.96,Referral,2022-10-20,2.9,2.7,2.2,2.6,65.0,5.5,4,1,2022-10-20,0,30-39,3.7,4.1
EMP0191,Female,56,Engineering,Senior Engineer,3.1,3.1,1.4,PhD,San Francisco,113310,3.1,MGR033,0,Reliable employee with satisfactory performance. Good attention to detail. Positive attitude toward learning. Strong in JavaScript.,0.93,Referral,2020-11-26,3.0,2.3,2.3,3.0,58.0,18.9,4,1,2022-08-09,1,50-59,2.8,2.2
EMP0192,Female,45,Product,Associate PM,0.9,0.1,0.0,PhD,Singapore,90534,3.8,MGR031,0,Reliable employee with satisfactory performance. Good attention to detail. Positive attitude toward learning. Strong in user research. Adapting well to new role.,1.14,Campus,2023-02-07,3.6,4.7,5.0,3.3,72.0,14.5,2,1,,1,40-49,3.7,3.7
EMP0193,Female,28,Product,Associate PM,0.8,0.8,0.0,PhD,New York,96013,3.5,MGR024,0,Meets expectations with occasional exceeding. Shows good collaboration with team. Technical skills are developing well. Strong in roadmap planning. Adapting well to new role.,1.12,LinkedIn,2023-03-15,3.5,4.7,3.1,3.5,68.0,4.5,1,1,,1,20-29,4.0,3.0
EMP0194,Female,40,Finance,Financial Analyst,0.1,0.1,0.0,Master,Remote,69048,3.2,MGR033,0,Reliable employee with satisfactory performance. Good attention to detail. Positive attitude toward learning. Strong in forecasting. Adapting well to new role.,1.04,LinkedIn,2023-11-26,3.0,3.9,3.1,2.7,57.0,13.3,3,1,,1,40-49,4.5,3.9
EMP0195,Male,22,Sales,Sales Rep,0.2,0.2,0.0,Master,New York,57339,1.7,MGR042,1,Below expectations in key areas. Communication could be more effective. Close monitoring advised. Strong in client relations. Adapting well to new role.,0.87,Internal,2023-10-20,1.8,3.0,4.4,2.3,43.0,1.0,3,0,,0,20-29,2.6,2.1
EMP0196,Male,37,Sales,Sales Manager,6.5,1.0,0.9,Associate,San Francisco,118846,2.7,MGR014,0,Performance gap identified in multiple areas. Needs to improve engagement and initiative. Technical training recommended. Strong in client relations.,0.95,Website,2017-07-04,3.0,3.0,4.8,3.8,56.0,4.1,5,3,2023-02-07,2,30-39,2.0,4.6
EMP0197,Female,30,HR,HR Coordinator,0.1,0.1,0.0,Bachelor,Remote,54517,2.7,MGR036,0,Performance needs improvement in several areas. Technical skills require development. Recommended for coaching and training. Strong in policy development. Adapting well to new role.,1.02,Campus,2023-11-26,2.7,4.2,5.0,2.9,51.0,5.3,1,0,,0,30-39,2.4,4.9
EMP0198,Female,22,Product,Group PM,4.5,0.1,2.9,Master,San Francisco,156989,2.5,MGR041,0,Performance needs improvement in several areas. Technical skills require development. Recommended for coaching and training. Strong in stakeholder management.,1.04,JobBoard,2019-07-04,2.8,4.7,4.3,3.7,54.0,0.0,2,2,2021-02-07,1,20-29,4.7,4.9
EMP0199,Female,24,Product,Director of Product,8.7,0.3,2.5,Bachelor,San Francisco,180578,2.9,MGR018,1,Inconsistent performance requiring attention. Quality of work needs enhancement. Would benefit from clearer goal setting. Strong in user research. Valuable institutional knowledge.,1.07,LinkedIn,2015-04-23,2.7,4.7,3.1,2.5,65.0,0.0,7,4,2021-07-03,2,20-29,4.6,4.2
EMP0200,Female,46,Operations,Operations Specialist,1.1,0.0,0.7,Master,New York,61026,3.8,MGR038,0,Meets expectations with occasional exceeding. Shows good collaboration with team. Technical skills are developing well. Strong in supply chain.,1.12,Referral,2022-11-26,3.6,4.3,2.3,3.4,72.0,15.4,3,1,2023-04-21,0,40-49,3.8,2.4
EMP0201,Female,45,Finance,Finance Manager,3.0,0.9,3.0,Bachelor,Remote,112249,3.1,MGR010,0,Solid performer meeting expectations. Good technical foundation with room for growth. Reliable and consistent in delivery. Strong in budgeting.,1.04,JobBoard,2021-01-01,3.2,3.9,4.3,3.6,72.0,11.5,6,3,2021-01-01,1,40-49,3.8,4.3
EMP0202,Male,54,Engineering,Junior Engineer,0.5,0.5,0.0,Bachelor,Remote,89058,2.5,MGR028,0,Inconsistent performance requiring attention. Quality of work needs enhancement. Would benefit from clearer goal setting. Strong in Python. Adapting well to new role.,0.88,Agency,2023-07-03,2.3,2.3,3.7,2.2,51.0,20.8,2,0,,1,50-59,4.0,2.1
EMP0203,Male,37,Engineering,Senior Engineer,3.6,3.6,1.6,PhD,San Francisco,123922,3.4,MGR028,0,Reliable employee with satisfactory performance. Good attention to detail. Positive attitude toward learning. Strong in system design.,0.96,LinkedIn,2020-05-27,3.2,2.5,3.3,3.0,63.0,7.3,5,2,2022-05-27,1,30-39,2.5,2.1
EMP0204,Female,26,Product,Associate PM,0.2,0.2,0.0,Master,San Francisco,93960,2.2,MGR020,0,Performance gap identified in multiple areas. Needs to improve engagement and initiative. Technical training recommended. Strong in feature prioritization. Adapting well to new role.,1.02,Website,2023-10-20,2.2,4.7,4.7,2.4,51.0,3.5,1,0,,0,20-29,4.7,3.0
EMP0205,Male,41,Finance,Financial Analyst,0.1,0.1,0.0,Bachelor,Remote,81246,2.8,MGR040,0,Performance needs improvement in several areas. Technical skills require development. Recommended for coaching and training. Strong in forecasting. Adapting well to new role.,1.01,Referral,2023-11-26,2.5,3.8,2.3,2.2,54.0,15.2,4,1,,0,40-49,3.3,3.5
EMP0206,Male,54,Engineering,Engineer,1.2,1.2,0.8,Bachelor,New York,92197,2.3,MGR023,1,Performance gap identified in multiple areas. Needs to improve engagement and initiative. Technical training recommended. Strong in DevOps.,0.85,LinkedIn,2022-10-20,3.1,2.0,3.5,5.0,58.0,22.9,4,2,2023-03-15,0,50-59,3.1,4.3
EMP0207,Male,26,Engineering,Principal Engineer,8.3,1.5,2.8,Master,Singapore,179162,4.2,MGR008,0,Exemplary employee showing mastery in their domain. Strong analytical thinking and strategic planning. Excellent at cross-functional collaboration. Leadership potential evident. Strong in DevOps. Valuable institutional knowledge.,1.01,Referral,2015-09-16,3.8,2.3,2.0,3.0,77.0,0.0,6,3,2021-03-16,2,20-29,3.6,4.0
EMP0208,Female,27,HR,HR Coordinator,0.5,0.5,0.0,Associate,London,50681,2.7,MGR044,0,Performance gap identified in multiple areas. Needs to improve engagement and initiative. Technical training recommended. Strong in employee relations. Adapting well to new role.,1.01,LinkedIn,2023-07-03,3.2,4.0,3.4,4.4,61.0,2.7,1,1,,1,20-29,2.1,3.3
EMP0209,Male,36,Engineering,Engineer,1.5,1.5,1.5,Bachelor,New York,117392,3.2,MGR027,0,Consistent contributor who meets job requirements. Technical skills are adequate. Shows potential for development. Strong in cloud architecture.,0.92,Referral,2022-07-03,3.0,2.0,2.2,2.8,64.0,8.8,3,1,2022-07-03,1,30-39,2.5,2.8
EMP0210,Male,37,Engineering,Junior Engineer,0.07,0.07,0.0,Master,Remote,81640,4.7,MGR031,1,Outstanding contributor with excellent problem-solving abilities. Shows initiative and drives innovation. Strong communication skills and mentorship qualities. Strong in code review. Adapting well to new role.,1.06,Referral,2025-12-17,4.5,2.5,2.4,4.0,87.0,10.8,2,0,,0,30-39,4.2,5.0
EMP0211,Male,35,Marketing,Director of Marketing,11.5,0.3,2.4,Bachelor,San Francisco,141845,3.9,MGR008,0,Solid performer meeting expectations. Good technical foundation with room for growth. Reliable and consistent in delivery. Strong in digital marketing. Valuable institutional knowledge.,1.08,Referral,2012-07-05,4.0,3.6,2.4,4.3,72.0,0.0,6,5,2021-08-08,4,30-39,2.2,3.3
EMP0212,Male,49,HR,HR Specialist,3.5,3.5,1.0,Bachelor,London,81408,4.4,MGR033,1,Exceptional performer who consistently exceeds expectations. Demonstrates strong leadership and technical skills. Highly collaborative team player. Strong in training.,1.14,Agency,2020-07-03,4.2,4.1,3.9,3.8,74.0,15.0,2,2,2023-01-01,2,40-49,3.8,3.4
EMP0213,Female,24,Finance,Senior Finance Manager,11.1,6.6,2.4,Bachelor,New York,138167,3.8,MGR003,0,Meets expectations with occasional exceeding. Shows good collaboration with team. Technical skills are developing well. Strong in forecasting. Valuable institutional knowledge.,1.09,JobBoard,2012-11-28,3.6,4.0,4.2,3.4,76.0,0.0,4,3,2021-08-08,3,20-29,2.7,2.5
EMP0214,Male,50,Engineering,Junior Engineer,0.6,0.6,0.0,Associate,New York,82766,3.4,MGR035,0,Solid performer meeting expectations. Good technical foundation with room for growth. Reliable and consistent in delivery. Strong in system design. Adapting well to new role.,0.97,Agency,2023-05-27,3.3,2.7,3.8,3.2,66.0,18.5,1,1,,1,50-59,3.2,4.4
EMP0215,Female,34,HR,HR Specialist,1.8,1.2,1.8,Bachelor,London,93298,2.5,MGR030,0,Performance needs improvement in several areas. Technical skills require development. Recommended for coaching and training. Strong in policy development.,1.0,Campus,2022-03-15,2.6,4.1,4.9,3.0,50.0,6.9,4,2,2022-03-15,1,30-39,2.9,4.1
EMP0216,Non-Binary,48,Engineering,Senior Engineer,2.6,2.6,0.9,Bachelor,Singapore,122272,2.0,MGR039,0,Inconsistent performance requiring attention. Quality of work needs enhancement. Would benefit from clearer goal setting. Strong in cloud architecture.,0.87,LinkedIn,2021-05-27,2.8,2.7,3.1,4.8,67.0,16.0,5,1,2023-02-07,0,40-49,3.1,2.7
EMP0217,Male,49,Sales,Senior AE,2.4,1.6,2.4,Bachelor,New York,105644,3.2,MGR041,0,Consistent contributor who meets job requirements. Technical skills are adequate. Shows potential for development. Strong in CRM expertise.,0.98,LinkedIn,2021-08-08,3.6,3.0,2.9,4.5,65.0,15.2,4,2,2021-08-08,1,40-49,4.2,2.2
EMP0218,Male,22,Operations,Operations Manager,0.15,0.15,0.4,Master,San Francisco,108967,2.1,MGR003,0,Performance needs improvement in several areas. Technical skills require development. Recommended for coaching and training. Strong in quality assurance.,0.98,Internal,2025-11-15,2.9,4.2,4.6,4.9,64.0,0.0,6,0,2023-08-08,0,20-29,2.9,4.0
EMP0219,Female,49,Finance,Director of Finance,8.8,8.8,1.2,Bachelor,London,146075,4.2,MGR013,0,Outstanding contributor with excellent problem-solving abilities. Shows initiative and drives innovation. Strong communication skills and mentorship qualities. Strong in forecasting. Valuable institutional knowledge.,1.12,Referral,2015-03-17,3.6,3.9,2.7,2.4,79.0,9.4,6,5,2022-10-20,2,40-49,3.7,4.0
EMP0220,Male,32,Product,Group PM,12.8,0.1,0.5,Master,Remote,166343,4.1,MGR024,0,Exemplary employee showing mastery in their domain. Strong analytical thinking and strategic planning. Excellent at cross-functional collaboration. Leadership potential evident. Strong in roadmap planning. Valuable institutional knowledge.,1.15,Campus,2011-03-18,4.1,4.5,4.9,4.2,75.0,0.0,3,4,2023-07-03,4,30-39,3.4,2.8
EMP0221,Male,39,Finance,Senior Analyst,0.09,0.09,2.0,Bachelor,Remote,107616,3.0,MGR029,0,Solid performer meeting expectations. Good technical foundation with room for growth. Reliable and consistent in delivery. Strong in audit preparation.,1.03,Referral,2025-12-08,3.5,4.0,2.0,4.8,65.0,8.0,5,0,2022-01-01,0,30-39,4.0,4.9
EMP0222,Female,44,Finance,Director of Finance,7.7,1.8,0.1,Bachelor,New York,138465,4.4,MGR001,0,Star performer with outstanding technical and interpersonal skills. Proactive in identifying improvements. Key contributor to team success. Strong in financial modeling.,1.12,Campus,2016-04-22,3.8,3.7,4.9,2.5,69.0,9.0,6,4,2023-11-26,3,40-49,4.8,2.5
EMP0223,Male,47,Engineering,Staff Engineer,6.3,3.5,1.8,Master,London,145649,2.9,MGR032,0,Performance gap identified in multiple areas. Needs to improve engagement and initiative. Technical training recommended. Strong in code review.,0.91,Referral,2017-09-15,2.6,2.3,2.1,2.2,54.0,10.3,4,2,2022-03-15,2,40-49,4.2,3.3
EMP0224,Male,34,Sales,Sales Rep,0.1,0.1,0.0,High School,Singapore,64794,3.0,MGR026,0,Solid performer meeting expectations. Good technical foundation with room for growth. Reliable and consistent in delivery. Strong in CRM expertise. Adapting well to new role.,0.97,Website,2023-11-26,3.3,3.1,4.7,4.2,61.0,8.4,3,0,,1,30-39,2.6,4.8
EMP0225,Male,44,Engineering,Junior Engineer,0.2,0.2,0.0,Master,San Francisco,84099,4.0,MGR049,0,Star performer with outstanding technical and interpersonal skills. Proactive in identifying improvements. Key contributor to team success. Strong in system design. Adapting well to new role.,1.03,LinkedIn,2023-10-20,3.9,2.8,3.6,3.7,79.0,14.4,1,0,,0,40-49,2.1,3.3
EMP0226,Female,30,Engineering,Engineer,1.4,0.9,1.4,Bachelor,Remote,98248,4.1,MGR046,0,Star performer with outstanding technical and interpersonal skills. Proactive in identifying improvements. Key contributor to team success. Strong in code review.,1.03,Campus,2022-08-09,4.2,2.7,5.0,4.5,74.0,6.0,2,1,2022-08-09,1,30-39,2.8,3.9
EMP0227,Male,49,Customer Success,CS Representative,0.1,0.1,0.0,Bachelor,London,51163,1.4,MGR034,0,Inconsistent performance requiring attention. Quality of work needs enhancement. Would benefit from clearer goal setting. Strong in account management. Adapting well to new role.,0.97,Referral,2023-11-26,1.6,4.9,2.2,2.4,42.0,17.8,4,0,,0,40-49,3.8,3.2
EMP0228,Female,32,Sales,Senior AE,4.4,0.4,4.4,Bachelor,New York,96613,3.1,MGR025,1,Meets expectations with occasional exceeding. Shows good collaboration with team. Technical skills are developing well. Strong in CRM expertise.,0.99,Agency,2019-08-09,3.5,3.2,3.7,4.4,77.0,2.3,4,2,2019-08-09,2,30-39,2.2,2.8
EMP0229,Female,37,Product,Senior PM,4.6,0.3,0.6,Master,San Francisco,137186,3.7,MGR020,0,Reliable employee with satisfactory performance. Good attention to detail. Positive attitude toward learning. Strong in agile methodology.,1.13,Campus,2019-05-29,3.3,4.7,4.9,2.6,72.0,7.4,4,2,2023-05-27,1,30-39,3.5,5.0
EMP0230,Male,46,Finance,Senior Analyst,1.3,1.3,0.0,Bachelor,London,89406,3.3,MGR020,0,Solid performer meeting expectations. Good technical foundation with room for growth. Reliable and consistent in delivery. Strong in compliance.,1.05,LinkedIn,2022-09-14,3.0,3.9,3.6,2.5,64.0,16.9,4,1,,1,40-49,3.8,3.2
EMP0231,Female,34,Operations,Operations Associate,0.9,0.9,0.0,Bachelor,Remote,60283,4.3,MGR032,0,Exceptional performer who consistently exceeds expectations. Demonstrates strong leadership and technical skills. Highly collaborative team player. Strong in supply chain. Adapting well to new role.,1.16,Agency,2023-02-07,3.7,4.4,3.9,2.5,70.0,6.2,1,1,,0,30-39,3.0,4.7
EMP0232,Female,35,Marketing,Director of Marketing,11.4,4.0,0.4,Bachelor,Remote,128248,2.9,MGR005,0,Performance gap identified in multiple areas. Needs to improve engagement and initiative. Technical training recommended. Strong in content strategy. Valuable institutional knowledge.,0.99,JobBoard,2012-08-10,3.3,3.5,4.1,4.4,69.0,0.0,7,4,2023-08-08,4,30-39,4.3,2.7
EMP0233,Female,32,Finance,Senior Finance Manager,9.6,1.6,0.8,Master,Remote,134516,4.4,MGR014,0,Exemplary employee showing mastery in their domain. Strong analytical thinking and strategic planning. Excellent at cross-functional collaboration. Leadership potential evident. Strong in audit preparation. Valuable institutional knowledge.,1.12,LinkedIn,2014-05-29,4.2,3.7,3.4,4.0,81.0,0.0,5,5,2023-03-15,3,30-39,2.3,2.6
EMP0234,Male,22,Marketing,Marketing Specialist,3.3,2.3,1.0,Associate,San Francisco,83352,2.8,MGR032,0,Performance gap identified in multiple areas. Needs to improve engagement and initiative. Technical training recommended. Strong in campaign management.,0.98,Agency,2020-09-14,3.0,3.5,3.9,3.6,61.0,0.0,3,2,2023-01-01,1,20-29,2.2,2.1
EMP0235,Female,42,Engineering,Junior Engineer,0.4,0.4,0.0,Master,Singapore,91665,3.0,MGR021,0,Meets expectations with occasional exceeding. Shows good collaboration with team. Technical skills are developing well. Strong in system design. Adapting well to new role.,0.94,Agency,2023-08-08,3.0,2.6,3.8,3.1,57.0,12.1,1,1,,0,40-49,4.2,4.0
EMP0236,Male,32,HR,Director of HR,12.4,1.7,0.6,Master,San Francisco,126422,3.6,MGR002,0,Reliable employee with satisfactory performance. Good attention to detail. Positive attitude toward learning. Strong in training. Valuable institutional knowledge.,1.09,Website,2011-08-11,3.9,4.2,4.7,4.6,82.0,0.0,7,5,2023-05-27,4,30-39,3.5,3.1
EMP0237,Female,22,Sales,Account Executive,1.2,0.2,0.2,Bachelor,Remote,82521,2.7,MGR039,0,Below expectations in key areas. Communication could be more effective. Close monitoring advised. Strong in client relations.,0.93,Referral,2022-10-20,2.8,2.8,2.1,3.2,59.0,0.0,2,2,2023-10-20,1,20-29,4.1,4.6
EMP0238,Female,32,Engineering,Junior Engineer,0.3,0.3,0.0,Master,London,70343,4.5,MGR046,0,Exceptional performer who consistently exceeds expectations. Demonstrates strong leadership and technical skills. Highly collaborative team player. Strong in cloud architecture. Adapting well to new role.,1.02,LinkedIn,2023-09-14,4.5,2.1,2.8,4.4,80.0,6.7,1,0,,1,30-39,3.3,3.4
EMP0239,Female,41,Finance,Director of Finance,7.0,0.5,7.0,Bachelor,New York,136687,3.8,MGR013,0,Solid performer meeting expectations. Good technical foundation with room for growth. Reliable and consistent in delivery. Strong in financial modeling.,1.09,Campus,2017-01-02,3.6,3.9,4.9,3.3,70.0,6.0,7,3,2017-01-02,2,40-49,2.7,4.9
EMP0240,Male,47,Engineering,Engineer,1.8,1.2,1.8,Bachelor,London,114594,2.9,MGR025,0,Inconsistent performance requiring attention. Quality of work needs enhancement. Would benefit from clearer goal setting. Strong in DevOps.,0.93,Website,2022-03-15,2.9,2.5,4.7,3.1,60.0,16.6,2,0,2022-03-15,1,40-49,4.5,2.6
EMP0241,Female,34,Customer Success,CS Representative,0.3,0.3,0.0,Bachelor,Remote,52901,4.2,MGR029,0,Star performer with outstanding technical and interpersonal skills. Proactive in identifying improvements. Key contributor to team success. Strong in account management. Adapting well to new role.,1.18,LinkedIn,2023-09-14,3.9,4.8,3.4,3.4,81.0,9.2,3,1,,0,30-39,4.4,4.6
EMP0242,Male,48,Customer Success,CS Manager,4.2,2.7,0.0,Master,London,79129,2.7,MGR016,0,Inconsistent performance requiring attention. Quality of work needs enhancement. Would benefit from clearer goal setting. Strong in account management.,1.07,Agency,2019-10-21,2.7,4.9,3.9,2.9,62.0,12.6,6,2,,1,40-49,4.1,4.3
EMP0243,Male,32,Product,Product Manager,1.9,0.9,1.0,Master,London,117382,2.9,MGR013,0,Performance needs improvement in several areas. Technical skills require development. Recommended for coaching and training. Strong in roadmap planning.,1.08,LinkedIn,2022-02-07,3.3,4.7,2.8,4.2,71.0,5.5,6,2,2023-01-01,1,30-39,2.8,4.3
EMP0244,Male,43,Sales,Senior AE,5.4,1.5,0.2,Bachelor,London,114266,3.1,MGR044,0,Reliable employee with satisfactory performance. Good attention to detail. Positive attitude toward learning. Strong in CRM expertise.,0.98,Referral,2018-08-09,3.2,3.1,2.6,3.5,58.0,7.8,5,4,2023-10-20,1,40-49,3.8,4.5
EMP0245,Female,43,Engineering,Principal Engineer,8.6,2.0,0.7,Master,New York,164972,2.3,MGR005,0,Performance needs improvement in several areas. Technical skills require development. Recommended for coaching and training. Strong in system design. Valuable institutional knowledge.,0.85,LinkedIn,2015-05-29,2.3,2.0,3.4,2.7,51.0,7.1,7,5,2023-04-21,2,40-49,3.1,4.3
EMP0246,Male,22,Customer Success,Senior CS Manager,5.4,0.0,0.9,Master,London,93276,3.3,MGR004,0,Meets expectations with occasional exceeding. Shows good collaboration with team. Technical skills are developing well. Strong in renewal negotiation.,1.11,LinkedIn,2018-08-09,3.7,4.8,3.1,4.7,73.0,0.0,5,3,2023-02-07,2,20-29,2.3,3.9
EMP0247,Male,28,Sales,Senior AE,4.4,0.3,0.2,Master,San Francisco,99585,3.6,MGR032,0,Reliable employee with satisfactory performance. Good attention to detail. Positive attitude toward learning. Strong in CRM expertise.,1.03,Agency,2019-08-09,3.4,3.3,3.8,3.2,61.0,1.6,4,1,2023-10-20,1,20-29,4.8,2.4
EMP0248,Male,24,Customer Success,Senior CS Manager,6.1,0.6,1.8,High School,Remote,83041,3.7,MGR013,0,Meets expectations with occasional exceeding. Shows good collaboration with team. Technical skills are developing well. Strong in relationship building.,1.15,Referral,2017-11-27,3.6,4.9,2.2,3.6,68.0,0.0,4,3,2022-03-15,2,20-29,2.4,2.1
EMP0249,Male,40,Customer Success,Director of CS,10.7,0.5,1.0,Bachelor,San Francisco,118360,3.2,MGR005,0,Reliable employee with satisfactory performance. Good attention to detail. Positive attitude toward learning. Strong in account management. Valuable institutional knowledge.,1.11,Campus,2013-04-23,3.6,4.9,4.9,4.7,75.0,0.1,7,5,2023-01-01,4,40-49,4.9,4.8
EMP0250,Female,45,Product,Senior PM,4.0,0.0,0.9,Master,Remote,113261,2.5,MGR035,0,Performance needs improvement in several areas. Technical skills require development. Recommended for coaching and training. Strong in roadmap planning.,1.03,Campus,2020-01-02,2.9,4.6,5.0,3.9,56.0,11.2,4,1,2023-02-07,1,40-49,3.3,3.8
